Id,SBQQ__OptionalSKU__r.External_ID__c
a65Do000000wnG9IAI,EX-0000293
a65Do000000wnGDIAY,EX-0000185
a65Do000000wnGQIAY,EX-0000108
a65Do000000wnGYIAY,EX-0000074
a65Do000000wnKdIAI,EX-0000382
a65Do000000wnNxIAI,EX-0000128
a65Do000000wnOHIAY,EX-0000176
a65Do000000wnZtIAI,EX-0000120
a65Do000000wnZuIAI,EX-0000036
a65Do000000wna9IAA,EX-0000094
a65Do000000wnaMIAQ,EX-0000207
a65Do000000wnaTIAQ,EX-0000097
a65Do000000wnljIAA,EX-0000220
a65Do000000wnlnIAA,EX-0000290
a65Do000000wnlxIAA,EX-0000441
a65Do000000wnm1IAA,EX-0000372
a65Do000000wntVIAQ,EX-0000336
a65Do000000wntqIAA,EX-0000151
a65Do000000wnu9IAA,EX-0000300
a65Do000000wo5yIAA,EX-0000436
a65Do000000wo6DIAQ,EX-0000127
a65Do000000wo9YIAQ,EX-0000295
a65Do000000woHaIAI,EX-0000429
a65Do000000woHjIAI,EX-0000064
a65Do000000woPfIAI,EX-0000216
a65Do000000woPjIAI,EX-0000012
a65Do000000woPrIAI,EX-0000301
a65Do000000woPwIAI,EX-0000419
a65Do000000wofCIAQ,EX-0000046
a65Do000000wofDIAQ,EX-0000397
a65Do000000wofPIAQ,EX-0000277
a65Do000000wonGIAQ,EX-0000071
a65Do000000wovOIAQ,EX-0000418
a65Do000000woyjIAA,EX-0000145
a65Do000000woymIAA,EX-0000288
a65Do000000woyqIAA,EX-0000190
