Id,SBQQ__TargetCustomerAmount__c
a6GDo000000GrFrMAK,5200
a6GDo000000GrFhMAK,30416
a6GDo000000GrEjMAK,3000
a6GDo000000GrEUMA0,1200
a6GDo000000GrCYMA0,2400
a6GDo000000GrCJMA0,5100
a6GDo000000GrBfMAK,7200
a6GDo000000GrBQMA0,3000
a6GDo000000GrBBMA0,4524
a6GDo000000Gr8XMAS,1284
a6GDo000000Gr7EMAS,1700
a6GDo000000Gr6fMAC,14400
a6GDo000000Gr3HMAS,1260
a6GDo000000Gr1LMAS,1300
a6GDo000000Gr1GMAS,1890
a6GDo000000Gr1BMAS,1836
a6GDo000000Gr0SMAS,4995
a6GDo000000Gqz5MAC,3800
a6GDo000000GqybMAC,7296
a6GDo000000Gqv3MAC,10000
a6GDo000000GqsxMAC,17000
a6GDo000000GqsiMAC,1800
a6GDo000000GqrBMAS,1600
a6GDo000000GqpyMAC,2400
a6GDo000000GqovMAC,5426
a6GDo000000GqnyMAC,2520
a6GDo000000GqnxMAC,2520
a6GDo000000Gqm6MAC,11080
a6GDo000000GqlIMAS,4800
a6GDo000000GqRwMAK,3024
a6GDo000000GqQAMA0,2458.33
a6GDo000000GqPvMAK,3024
a6GDo000000GqPCMA0,1680
a6GDo000000GqOnMAK,3024
a6GDo000000GqOTMA0,2724
a6GDo000000GqOOMA0,8500
a6GDo000000GqOJMA0,3100
a6GDo000000GqLeMAK,3600
a6GDo000000GqLZMA0,3720
a6GDo000000GqJTMA0,7800
a6GDo000000GqGoMAK,110378
a6GDo000000GqDBMA0,8995
a6GDo000000GqCmMAK,3900
a6GDo000000GqAqMAK,7872
a6GDo000000GqAWMA0,8736.69
a6GDo000000GqA2MAK,3000
a6GDo000000Gq9OMAS,1800
a6GDo000000Gq9EMAS,2520
a6GDo000000Gq8pMAC,4200
a6GDo000000Gq5bMAC,3000
a6GDo000000Gq4nMAC,3500
a6GDo000000Gq2cMAC,16000
a6GDo000000Gq1eMAC,4200
a6GDo000000Gq02MAC,3000
a6GDo000000GpxIMAS,27037
a6GDo000000GpwPMAS,2732.25
a6GDo000000GpwFMAS,3024
a6GDo000000Gpw0MAC,7243.17
a6GDo000000GpvqMAC,4800
a6GDo000000GpsNMAS,11700
a6GDo000000GprjMAC,1800
a6GDo000000GpqqMAC,21935.03
a6GDo000000GppxMAC,7560
a6GDo000000GpopMAC,2334.15
a6GDo000000Gpk4MAC,2520
a6GDo000000GpjLMAS,11593.84
a6GDo000000GpirMAC,14100
a6GDo000000GpglMAC,2604
a6GDo000000GpfdMAC,2396
a6GDo000000GpeBMAS,5000
a6GDo000000GpbCMAS,5796
a6GDo000000GpaOMAS,1800
a6GDo0000000utjMAA,13800
a6GDo0000000usgMAA,3680.28
a6GDo0000000us7MAA,27790
a6GDo0000000urYMAQ,2400
a6GDo0000000uqaMAA,3500
a6GDo0000000upXMAQ,2400
a6GDo0000000up3MAA,5800
a6GDo0000000umTMAQ,2999
a6GDo0000000um4MAA,4823.63
a6GDo0000000ukDMAQ,5158
a6GDo0000000uilMAA,1800
a6GDo0000000uiHMAQ,1800
a6GDo0000000ui7MAA,2520
a6GDo0000000ug1MAA,6600
a6GDo0000000u0oMAA,3000
a6GDo0000000u0eMAA,98230
a6GDo0000000u0PMAQ,2400
a6GDo0000000tyyMAA,24700
a6GDo0000000tyeMAA,17000
a6GDo0000000tzMMAQ,4056
a6GDo0000000tydMAA,6000
a6GDo0000000txQMAQ,8371.28
a6GDo0000000txGMAQ,120000
a6GDo0000000twDMAQ,2400
a6GDo0000000tu7MAA,5840
a6GDo0000000ttJMAQ,3600
a6GDo0000000tt4MAA,5700
a6GDo0000000tqUMAQ,4850
a6GDo0000000toJMAQ,3952
a6GDo0000000tn6MAA,25000
a6GDo0000000tkWMAQ,2400
a6GDo0000000tjsMAA,4500
a6GDo0000000tipMAA,2025.49
a6GDo0000000thXMAQ,2582.26
a6GDo0000000tenMAA,11232
a6GDo0000000tbPMAQ,3000
a6GDo0000000tUnMAI,2200
a6GDo0000000tU4MAI,6856.56
a6GDo0000000tQHMAY,2800
a6GDo0000000tORMAY,2495
a6GDo0000000tOGMAY,1605.15
a6GDo0000000tNDMAY,2070.77
a6GDo0000000tMyMAI,1320
a6GDo0000000tJaMAI,1200
a6GDo0000000tISMAY,1320
a6GDo0000000tINMAY,2520
a6GDo0000000tDhMAI,8013.6
a6GDo0000000tD8MAI,4000
a6GDo0000000tBMMAY,1920
a6GDo0000000tA4MAI,3600
a6GDo0000000t8cMAA,2215.43
a6GDo0000000t1vMAA,5544
a6GDo0000000sqTMAQ,3450
a6GDo0000000sq4MAA,1800
a6GDo0000000somMAA,18499
a6GDo0000000skzMAA,6540
a6GDo0000000skfMAA,1712
a6GDo0000000shlMAA,4440
a6GDo0000000sg9MAA,41424.75
a6GDo0000000semMAA,4200
a6GDo0000000sdjMAA,2500
a6GDo0000000sd5MAA,4547.62
a6GDo0000000sbxMAA,2000
a6GDo0000000sZXMAY,3751
a6GDo0000000sYPMAY,15240
a6GDo0000000sXbMAI,3000
a6GDo0000000sWEMAY,4476
a6GDo0000000sVuMAI,1200
a6GDo0000000sMsMAI,3000
a6GDo0000000sKNMAY,4895
a6GDo0000000sK3MAI,7866.5
a6GDo0000000sJjMAI,16770.92
a6GDo0000000sJPMAY,21127.64
a6GDo0000000sJZMAY,14734.33
a6GDo0000000sJFMAY,4137.45
a6GDo0000000sJAMAY,5857
a6GDo0000000sIvMAI,2728.5
a6GDo0000000sIqMAI,1926
a6GDo0000000s3nMAA,2648
a6GDo0000000sIlMAI,2648
a6GDo0000000sIgMAI,4244.18
a6GDo0000000sIRMAY,2782
a6GDo0000000sIMMAY,3816
a6GDo0000000sI7MAI,2648
a6GDo0000000sICMAY,2648
a6GDo0000000sHxMAI,27037
a6GDo0000000sHdMAI,22806.3
a6GDo0000000sHYMAY,10874
a6GDo0000000sHJMAY,2888.81
a6GDo0000000sGpMAI,3072
a6GDo0000000sGkMAI,17668.61
a6GDo0000000sGfMAI,31149.94
a6GDo0000000sGaMAI,6481
a6GDo0000000sGQMAY,7983
a6GDo0000000sGVMAY,4815.03
a6GDo0000000sGLMAY,12518
a6GDo0000000sGBMAY,10389
a6GDo0000000sG6MAI,4655
a6GDo0000000sG1MAI,2884.49
a6GDo0000000sFwMAI,3084.2
a6GDo0000000sFmMAI,19045.82
a6GDo0000000sFrMAI,4043.05
a6GDo0000000sFhMAI,1919.24
a6GDo0000000sFcMAI,10533
a6GDo0000000sFXMAY,3160
a6GDo0000000sFSMAY,5885
a6GDo0000000sFNMAY,6987
a6GDo0000000sFDMAY,3359.35
a6GDo0000000sFIMAY,4578
a6GDo0000000sF8MAI,2729
a6GDo0000000sEGMAY,9524.17
a6GDo0000000s3mMAA,19016
a6GDo0000000sEyMAI,9058.92
a6GDo0000000sEtMAI,7279.93
a6GDo0000000sEoMAI,1925.98
a6GDo0000000sEeMAI,13254
a6GDo0000000sEUMAY,2488.23
a6GDo0000000sBgMAI,1605.45
a6GDo0000000sEPMAY,2768.37
a6GDo0000000sEFMAY,2340.72
a6GDo0000000sE5MAI,1644.76
a6GDo0000000sEAMAY,2381.15
a6GDo0000000sBCMAY,2453.11
a6GDo0000000sE0MAI,2702.54
a6GDo0000000sDmMAI,3974.4
a6GDo0000000sAJMAY,3364.39
a6GDo0000000sDqMAI,2165.63
a6GDo0000000sDlMAI,2457.04
a6GDo0000000sDbMAI,1605.36
a6GDo0000000sDWMAY,2074.24
a6GDo0000000sDRMAY,2648
a6GDo0000000s9fMAA,2353.57
a6GDo0000000sDMMAY,4229.74
a6GDo0000000sDHMAY,9398.84
a6GDo0000000sDCMAY,2022.17
a6GDo0000000sD7MAI,3102.86
a6GDo0000000sD2MAI,4340.8
a6GDo0000000sCxMAI,1940.79
a6GDo0000000sCnMAI,7402.82
a6GDo0000000sCiMAI,6958
a6GDo0000000sCsMAI,1990.35
a6GDo0000000sCYMAY,6090.83
a6GDo0000000sCTMAY,5703.41
a6GDo0000000sCdMAI,12144
a6GDo0000000sCOMAY,6152.76
a6GDo0000000sCJMAY,2140
a6GDo0000000s5nMAA,10700.15
a6GDo0000000sA4MAI,7299.79
a6GDo0000000sC9MAI,14053.33
a6GDo0000000s67MAA,2781.94
a6GDo0000000s9uMAA,4022.97
a6GDo0000000sBzMAI,1925.94
a6GDo0000000sBfMAI,10771.12
a6GDo0000000sBuMAI,2139.89
a6GDo0000000sBpMAI,7833
a6GDo0000000sBkMAI,4915.87
a6GDo0000000sBaMAI,1658.78
a6GDo0000000sBVMAY,2888.66
a6GDo0000000sBGMAY,5681
a6GDo0000000sBBMAY,2881.8
a6GDo0000000sBLMAY,5016.85
a6GDo0000000s5sMAA,1605.08
a6GDo0000000sB1MAI,1604.76
a6GDo0000000sArMAI,1905.66
a6GDo0000000sAhMAI,19683.49
a6GDo0000000sAmMAI,1244.68
a6GDo0000000sAcMAI,8134.2
a6GDo0000000sAXMAY,1866.24
a6GDo0000000sANMAY,2258.59
a6GDo0000000sAIMAY,1926
a6GDo0000000sA8MAI,4226.52
a6GDo0000000s9yMAA,2488.86
a6GDo0000000s9jMAA,2018.81
a6GDo0000000s9oMAA,4595.3
a6GDo0000000s9ZMAQ,1605.45
a6GDo0000000s9eMAA,1792.22
a6GDo0000000s9PMAQ,1604.76
a6GDo0000000s9FMAQ,1879
a6GDo0000000s9KMAQ,2033
a6GDo0000000s9AMAQ,1802.95
a6GDo0000000s8vMAA,1557.24
a6GDo0000000s90MAA,2407.79
a6GDo0000000s95MAA,10483.42
a6GDo0000000s8qMAA,8305.93
a6GDo0000000s8lMAA,1578.6
a6GDo0000000s8bMAA,3455.61
a6GDo0000000s8gMAA,3527.52
a6GDo0000000s8RMAQ,2153.51
a6GDo0000000s8HMAQ,3745
a6GDo0000000s8CMAQ,1605.23
a6GDo0000000s82MAA,2224.28
a6GDo0000000s87MAA,2653
a6GDo0000000s7xMAA,1688
a6GDo0000000s7iMAA,3122.77
a6GDo0000000s7nMAA,7451
a6GDo0000000s7sMAA,4514.58
a6GDo0000000s7dMAA,1578.77
a6GDo0000000s7YMAQ,4249.99
a6GDo0000000s7TMAQ,1596.81
a6GDo0000000s79MAA,2751.34
a6GDo0000000s74MAA,1626.91
a6GDo0000000s6zMAA,5624.2
a6GDo0000000s6fMAA,13457
a6GDo0000000s6aMAA,3363.79
a6GDo0000000s6QMAQ,4944
a6GDo0000000s6VMAQ,4429.53
a6GDo0000000s61MAA,4351.31
a6GDo0000000s6BMAQ,1771.92
a6GDo0000000s6GMAQ,3423.62
a6GDo0000000s66MAA,2658.01
a6GDo0000000s5wMAA,17695.09
a6GDo0000000s5mMAA,2938.35
a6GDo0000000s5XMAQ,2053.45
a6GDo0000000s5hMAA,8928.39
a6GDo0000000s5cMAA,27191
a6GDo0000000s5SMAQ,2674.88
a6GDo0000000s5NMAQ,1605.07
a6GDo0000000s5DMAQ,5790.4
a6GDo0000000s58MAA,11964
a6GDo0000000s53MAA,13687.15
a6GDo0000000s4QMAQ,1785
a6GDo0000000s4tMAA,4409.7
a6GDo0000000s4oMAA,2826.3
a6GDo0000000s4jMAA,2127.86
a6GDo0000000s4UMAQ,1556.85
a6GDo0000000s4PMAQ,1614.25
a6GDo0000000s2xMAA,1800
a6GDo0000000rzoMAA,64502
a6GDo0000000rz0MAA,7200
a6GDo0000000rmGMAQ,4500
a6GDo0000000rlrMAA,7190
a6GDo0000000rlXMAQ,5880
a6GDo0000000rl3MAA,1680
a6GDo0000000rg8MAA,4620
a6GDo0000000rfZMAQ,6344.15
a6GDo0000000rcLMAQ,3024
a6GDo0000000rVaMAI,1200
a6GDo0000000rZqMAI,9072
a6GDo0000000rNRMAY,180000
a6GDo0000000rNVMAY,7204.8
a6GDo0000000qwtMAA,3393.06
a6GDo0000000qrKMAQ,4200
a6GDo0000000qrAMAQ,8700
a6GDo0000000qqvMAA,11080
a6GDo0000000qqmMAA,2714.45
a6GDo0000000qpTMAQ,8112
a6GDo0000000qpOMAQ,1800
a6GDo0000000qnwMAA,8854.92
a6GDo0000000qnrMAA,2520
a6GDo0000000qnhMAA,2988
a6GDo0000000qncMAA,2930
a6GDo0000000qlHMAQ,2000
a6GDo0000000ql7MAA,3193
a6GDo0000000qknMAA,3100
a6GDo0000000qk9MAA,8100
a6GDo0000000qiDMAQ,5140
a6GDo0000000qhyMAA,3900
a6GDo0000000qhUMAQ,5188
a6GDo0000000qhKMAQ,5188
a6GDo0000000qfYMAQ,4728
a6GDo0000000qfEMAQ,3000
a6GDo0000000qdcMAA,3000
a6GDo0000000qdDMAQ,4200
a6GDo0000000qbgMAA,5400
a6GDo0000000qVFMAY,177900
a6GDo0000000qXyMAI,1995
a6GDo0000000qXFMAY,4800
a6GDo0000000qX5MAI,3480
a6GDo0000000qWqMAI,4995
a6GDo0000000qWbMAI,3000
a6GDo0000000qWWMAY,6600
a6GDo0000000qNjMAI,1836
a6GDo0000000qNZMAY,1836
a6GDo0000000qMqMAI,29604
a6GDo0000000qMMMAY,2520
a6GDo0000000qMHMAY,1600
a6GDo0000000qLOMAY,3336
a6GDo0000000qJIMAY,20588.4
a6GDo0000000qENMAY,2520
a6GDo0000000qCHMAY,5793
a6GDo0000000qBnMAI,1700
a6GDo0000000qBEMAY,4920
a6GDo0000000qA7MAI,1200
a6GDo0000000q7qMAA,2460
a6GDo0000000q2IMAQ,3000
a6GDo0000000q2HMAQ,1740
a6GDo0000000pxbMAA,4665
a6GDo0000000pwRMAQ,5400
a6GDo0000000pvDMAQ,5040
a6GDo0000000ps9MAA,1800
a6GDo0000000pr6MAA,4476
a6GDo0000000pjWMAQ,9525
a6GDo0000000peqMAA,1800
a6GDo0000000pYnMAI,3000
a6GDo0000000p3fMAA,7524
a6GDo0000000p1UMAQ,11000
a6GDo0000000oyzMAA,3000
a6GDo0000000oxSMAQ,5400
a6GDo0000000otBMAQ,8900
a6GDo0000000odmMAA,1668
a6GDo0000000oZ6MAI,10635
a6GDo0000000oSFMAY,1500
a6GDo0000000oS5MAI,1800
a6GDo0000000oNyMAI,28800
a6GDo0000000oNeMAI,15950
a6GDo0000000oNFMAY,6500
a6GDo0000000oMgMAI,9999
a6GDo0000000oLiMAI,2800
a6GDo0000000oKQMAY,2520
a6GDo0000000oG9MAI,3980.4
a6GDo0000000oBxMAI,34653
a6GDo0000000oALMAY,3000
a6GDo0000000oAGMAY,1200
a6GDo0000000oA1MAI,5821.2
a6GDo0000000o8PMAQ,665
a6GDo0000000o80MAA,1836
a6GDo0000000o7gMAA,3200
a6GDo0000000nykMAA,4800
a6GDo0000000nWuMAI,60000
a6GDo0000000nVdMAI,2334
a6GDo0000000nOlMAI,1200
a6GDo0000000nO7MAI,7005.6
a6GDo0000000nKKMAY,27000
a6GDo0000000nIYMAY,1836
a6GDo0000000nH6MAI,6048
a6GDo0000000nG8MAI,2400
a6GDo0000000n5UMAQ,8130.97
a6GDo0000000n5GMAQ,1200
a6GDo0000000n18MAA,19291
a6GDo0000000n0eMAA,3024
a6GDo0000000n0FMAQ,3600
a6GDo0000000mu2MAA,12500
a6GDo0000000mtnMAA,3000
a6GDo0000000mtiMAA,2520
a6GDo0000000mtOMAQ,6295
a6GDo0000000mtJMAQ,4200
a6GDo0000000mspMAA,2520
a6GDo0000000msBMAQ,2520
a6GDo0000000ms6MAA,2600
a6GDo0000000mr8MAA,1668
a6GDo0000000mjtMAA,5000
a6GDo0000000mqAMAQ,1600
a6GDo0000000mpbMAA,7399
a6GDo0000000mmcMAA,3200
a6GDo0000000menMAA,1200
a6GDo0000000mNIMAY,1320
a6GDo0000000mN8MAI,83046
a6GDo0000000mJpMAI,4523.4
a6GDo0000000mJfMAI,1920
a6GDo0000000mImMAI,2600
a6GDo0000000mGqMAI,2520
a6GDo0000000mGgMAI,47283
a6GDo0000000mFdMAI,6336
a6GDo0000000mFTMAY,1905.12
a6GDo0000000mBvMAI,3800
a6GDo0000000mBlMAI,1600
a6GDo0000000mAEMAY,2520
a6GDo0000000m1RMAQ,29775.6
a6GDo0000000m17MAA,11256
a6GDo0000000m0sMAA,34440
a6GDo0000000m0JMAQ,7620
a6GDo0000000lzLMAQ,1740
a6GDo0000000lz1MAA,15748.8
a6GDo0000000lymMAA,6048
a6GDo0000000lu1MAA,6600
a6GDo0000000lqdMAA,2839.86
a6GDo0000000lpGMAQ,15960
a6GDo0000000lnAMAQ,2996
a6GDo0000000llOMAQ,2776.65
a6GDo0000000lj3MAA,2520
a6GDo0000000lgdMAA,2800
a6GDo0000000lWTMAY,3168
a6GDo0000000lTjMAI,3672
a6GDo0000000lQVMAY,5000
a6GDo0000000lQLMAY,2520
a6GDo0000000lPSMAY,3900
a6GDo0000000lPNMAY,3200
a6GDo0000000lOoMAI,5484
a6GDo0000000lOeMAI,3100
a6GDo0000000lMnMAI,6040
a6GDo0000000lIqMAI,10824
a6GDo0000000lDWMAY,1836
a6GDo0000000l5NMAQ,2600
a6GDo0000000l53MAA,19889.16
a6GDo0000000l1kMAA,3552
a6GDo0000000l0wMAA,2050
a6GDo0000000kzyMAA,2400
a6GDo0000000kztMAA,4176
a6GDo0000000kzPMAQ,4320
a6GDo0000000kyWMAQ,2400
a6GDo0000000kxTMAQ,1995
a6GDo0000000kxJMAQ,1528.57
a6GDo0000000kwpMAA,1600
a6GDo0000000kuZMAQ,1700
a6GDo0000000kuPMAQ,2500
a6GDo0000000kuKMAQ,3000
a6GDo0000000ktgMAA,2500
a6GDo0000000ktWMAQ,3000
a6GDo0000000ktMMAQ,2400
a6GDo0000000kruMAA,8968
a6GDo0000000krfMAA,2400
a6GDo0000000kraMAA,2400
a6GDo0000000krVMAQ,2400
a6GDo0000000krBMAQ,2400
a6GDo0000000kr6MAA,2400
a6GDo0000000kqXMAQ,2400
a6GDo0000000kpoMAA,8100
a6GDo0000000kpUMAQ,2116.8
a6GDo0000000knEMAQ,3186
a6GDo0000000klIMAQ,1740
a6GDo0000000kjDMAQ,1200
a6GDo0000000khzMAA,10761.6
a6GDo0000000kaPMAQ,3552
a6GDo0000000kXpMAI,3360
a6GDo0000000kUbMAI,1200
a6GDo0000000kTJMAY,1800
a6GDo0000000kSVMAY,3600
a6GDo0000000kRwMAI,4200
a6GDo0000000kOsMAI,1200
a6GDo0000000kOTMAY,4980
a6GDo0000000kMSMAY,1000
a6GDo0000000kL5MAI,4970
a6GDo0000000kKqMAI,8568
a6GDo0000000kKHMAY,10440
a6GDo0000000kJsMAI,1929
a6GDo0000000kHmMAI,1836
a6GDo0000000kCcMAI,2400
a6GDo0000000kB0MAI,2340
a6GDo0000000k73MAA,24000
a6GDo0000000k6oMAA,2232
a6GDo0000000k68MAA,2136.59
a6GDo0000000k50MAA,17841.6
a6GDo0000000k3xMAA,3192
a6GDo0000000k2pMAA,20000
a6GDo0000000k2kMAA,1836
a6GDo0000000k2BMAQ,5040
a6GDo0000000k1DMAQ,2938
a6GDo0000000k0yMAA,23497
a6GDo0000000k0eMAA,3093
a6GDo0000000k0KMAQ,6600
a6GDo0000000jydMAA,1740
a6GDo0000000jxBMAQ,1500
a6GDo0000000jwSMAQ,9565
a6GDo0000000jwIMAQ,1740
a6GDo0000000juWMAQ,1880
a6GDo0000000jl4MAA,2220
a6GDo0000000jkVMAQ,2400
a6GDo0000000jhWMAQ,10968
a6GDo0000000jdKMAQ,5243
a6GDo0000000jdAMAQ,3600
a6GDo0000000jaBMAQ,4840.75
a6GDo0000000ja1MAA,6275
a6GDo0000000jZmMAI,4392
a6GDo0000000jWsMAI,1500
a6GDo0000000jWnMAI,1500
a6GDo0000000jRKMAY,1400
a6GDo0000000jQ2MAI,1926
a6GDo0000000iyJMAQ,10389.36
a6GDo0000000iuqMAA,137564
a6GDo0000000isaMAA,24060
a6GDo0000000is6MAA,11344
a6GDo0000000irDMAQ,2268
a6GDo0000000iqtMAA,11361
a6GDo0000000iplMAA,2520
a6GDo0000000iosMAA,1440
a6GDo0000000io9MAA,4476.91
a6GDo0000000iifMAA,1400
a6GDo0000000icwMAA,1500
a6GDo0000000icrMAA,21413
a6GDo0000000iYFMAY,52829
a6GDo0000000iY0MAI,5280
a6GDo0000000iXMMAY,1470
a6GDo0000000iTtMAI,3684
a6GDo0000000iR9MAI,2400
a6GDo0000000iMdMAI,2340
a6GDo0000000iDbMAI,2428.9
a6GDo0000000iBzMAI,2400
a6GDo0000000i03MAA,1200
a6GDo0000000hywMAA,2420
a6GDo0000000hgXMAQ,8000
a6GDo0000000hfKMAQ,9343.2
a6GDo0000000hf5MAA,1200
a6GDo0000000heqMAA,3480
a6GDo0000000hegMAA,2800
a6GDo0000000hebMAA,1740
a6GDo0000000hWPMAY,1276
a6GDo0000000hQ2MAI,5000
a6GDo0000000hBHMAY,4872
a6GDo0000000h3hMAA,5850
a6GDo0000000h25MAA,2220
a6GDo0000000h1lMAA,2400
a6GDo0000000h1WMAQ,1200
a6GDo0000000h1RMAQ,25960
a6GDo0000000h1HMAQ,21375
a6GDo0000000h1CMAQ,2795
a6GDo0000000h17MAA,30000
a6GDo0000000gvxMAA,5130
a6GDo0000000gvEMAQ,1200
a6GDo0000000gtXMAQ,2400
a6GDo0000000gm7MAA,21148
a6GDo0000000gKSMAY,4800
a6GDo0000000gISMAY,11508.24
a6GDo0000000gHiMAI,3750
a6GDo0000000gGkMAI,6658.3
a6GDo0000000g82MAA,2400
a6GDo0000000g4yMAA,22350
a6GDo0000000g2hMAA,2400
a6GDo0000000g1PMAQ,3435
a6GDo0000000g1FMAQ,2368.5
a6GDo0000000g0vMAA,2148
a6GDo0000000fyNMAQ,5500
a6GDo0000000fyDMAQ,1420
a6GDo0000000fx5MAA,2880
a6GDo0000000fvTMAQ,9627
a6GDo0000000fthMAA,1736
a6GDo0000000fsKMAQ,4800
a6GDo0000000fsAMAQ,5018
a6GDo0000000fiVMAQ,8226
a6GDo0000000fQfMAI,1500
a6GDo0000000fQVMAY,2400
a6GDo0000000fIMMAY,6000
a6GDo0000000fCTMAY,2510
a6GDo0000000fC4MAI,1537.52
a6GDo0000000fB6MAI,8226
a6GDo0000000fAwMAI,5200
a6GDo0000000fASMAY,3810
a6GDo0000000f8GMAQ,24700
a6GDo0000000ezYMAQ,2388
a6GDo0000000eyQMAQ,4635
a6GDo0000000ey1MAA,3024
a6GDo0000000exrMAA,3000
a6GDo0000000exXMAQ,2772
a6GDo0000000ex3MAA,5484
a6GDo0000000ewoMAA,1740
a6GDo0000000ewjMAA,1980
a6GDo0000000ewUMAQ,1668
a6GDo0000000evCMAQ,2400
a6GDo0000000eqCMAQ,1500
a6GDo0000000eB8MAI,1380
a6GDo0000000e6xMAA,2086
a6GDo0000000e76MAA,10356.96
a6GDo0000000e5yMAA,9048
a6GDo0000000e42MAA,3192
a6GDo0000000e2fMAA,1836
a6GDo0000000e1wMAA,2500
a6GDo0000000e1rMAA,46000
a6GDo0000000e1SMAQ,2500
a6GDo0000000e1IMAQ,2500
a6GDo0000000e05MAA,1800
a6GDo0000000dThMAI,3000
a6GDo0000000dRMMAY,1740
a6GDo0000000dR2MAI,1200
a6GDo0000000dQiMAI,2604
a6GDo0000000dP1MAI,1711
a6GDo0000000dGhMAI,33125
a6GDo0000000dG8MAI,4594.2
a6GDo0000000dFUMAY,3000
a6GDo0000000dFKMAY,2604
a6GDo0000000d2JMAQ,12500
a6GDo0000000d11MAA,2148
a6GDo0000000cGbMAI,5400
a6GDo0000000c6aMAA,84100
a6GDo0000000bzUMAQ,5885
a6GDo0000000aFXMAY,1200
a6GDo0000000Zk8MAE,186375
a6GDo0000000ZTfMAM,4524
a6GDo0000000Xi4MAE,7812
a6GDo0000000XdJMAU,2600
a6GDo0000000XAlMAM,72000
a6GDo0000000UKiMAM,3110.96
a6GDo0000000U0nMAE,61846
a6GDo0000000TxoMAE,8396.64
a6GDo0000000TrHMAU,9781.2
a6GDo0000000TgtMAE,4000
a6GDo0000000TgFMAU,2112
a6GDo0000000TRUMA2,3024
a6GDo0000000Rf7MAE,2520
a6GDo0000000RMAMA2,7199
a6GDo0000000Ql9MAE,30000
a6GDo0000000ODdMAM,4442.64
a6GDo0000000PRcMAM,4626.3
a6GDo0000000PDSMA2,52000
a6GDo0000000O4MMAU,1300
a6GDo0000000NUbMAM,10800
a6GDo0000000Nu5MAE,2570
a6GDo0000000NzrMAE,1750
a6GDo0000000NtUMAU,3336
a6GDo0000000NHTMA2,15162
a6GDo0000000MJbMAM,2464.81
a6GDo0000000N13MAE,25365
a6GDo0000000MxzMAE,3431.96
a6GDo0000000MSBMA2,21720
a6GDo0000000MS6MAM,12960
a6GDo0000000MNsMAM,13656
a6GDo0000000MO8MAM,8232
a6GDo0000000LXsMAM,1575
a6GDo0000000LJvMAM,3081.6
a6GDo0000000LYUMA2,3000
a6GDo0000000LI3MAM,2750
a6GDo0000000J9xMAE,3654
a6GDo0000000IHDMA2,7554.2
a6GDo0000000IPZMA2,50729.82
a6GDo0000000IOWMA2,5130
a6GDo0000000HzNMAU,4445
a6GDo0000000IMzMAM,12525
a6GDo0000000IIjMAM,2040
a6GDo0000000GDeMAM,3336
a6GDo0000000IHpMAM,4422
a6GDo0000000IAHMA2,2675
a6GDo0000000IH1MAM,6500
a6GDo0000000I1LMAU,9120
a6GDo0000000I8DMAU,6804
a6GDo0000000Hh1MAE,1800
a6GDo0000000I78MAE,4200
a6GDo0000000I8aMAE,2400
a6GDo0000000GKFMA2,4440
a6GDo0000000I8ZMAU,10004.53
a6GDo0000000H3bMAE,4093.74
a6GDo0000000IALMA2,10508.4
a6GDo0000000I9xMAE,1800
a6GDo0000000I7CMAU,3654
a6GDo0000000IBYMA2,2109.71
a6GDo0000000HwFMAU,1735.37
a6GDo0000000IAKMA2,3000
a6GDo0000000HQmMAM,9600
a6GDo0000000HwaMAE,1919.58
a6GDo0000000I5LMAU,6048
a6GDo0000000Hx3MAE,2968.08
a6GDo0000000Hj1MAE,900
a6GDo0000000I5PMAU,6048
a6GDo0000000I55MAE,3600
a6GDo0000000I2MMAU,2400
a6GDo0000000I3AMAU,1770.85
a6GDo0000000GebMAE,3000
a6GDo0000000HGaMAM,3672
a6GDo0000000HoaMAE,2400
a6GDo0000000I21MAE,10634
a6GDo0000000HbEMAU,9480
a6GDo0000000HWWMA2,11037.6
a6GDo0000000GHDMA2,4280
a6GDo0000000HncMAE,2400
a6GDo0000000HGPMA2,3438.49
a6GDo0000000HeDMAU,2300
a6GDo0000000Hx1MAE,6059
a6GDo0000000HvyMAE,7572.2
a6GDo0000000Ht4MAE,4800
a6GDo0000000HknMAE,2460
a6GDo0000000HYFMA2,6048
a6GDo0000000HsVMAU,2772
a6GDo0000000Hg8MAE,21958
a6GDo0000000HckMAE,14664
a6GDo0000000Hq5MAE,1500
a6GDo0000000GLjMAM,10639.65
a6GDo0000000HaSMAU,5349.96
a6GDo0000000GEEMA2,2400
a6GDo0000000HilMAE,2400
a6GDo0000000HaiMAE,3502.8
a6GDo0000000HHEMA2,2500
a6GDo0000000HLGMA2,2713.2
a6GDo0000000Hg6MAE,4510.8
a6GDo0000000HgkMAE,6174
a6GDo0000000HizMAE,5208
a6GDo0000000H6DMAU,2600
a6GDo0000000HiMMAU,3654
a6GDo0000000HikMAE,2520
a6GDo0000000HfhMAE,7692
a6GDo0000000HZpMAM,3000
a6GDo0000000HOnMAM,2400
a6GDo0000000HbkMAE,18308.4
a6GDo0000000HNvMAM,5424
a6GDo0000000Hb3MAE,4800
a6GDo0000000HcdMAE,2046.76
a6GDo0000000GTcMAM,2400
a6GDo0000000HcOMAU,6174
a6GDo0000000HW8MAM,10560
a6GDo0000000HamMAE,57940
a6GDo0000000H6xMAE,1662
a6GDo0000000HEFMA2,9450
a6GDo0000000HduMAE,2400
a6GDo0000000GdrMAE,1260
a6GDo0000000HJMMA2,2400
a6GDo0000000HFXMA2,3480
a6GDo0000000HZoMAM,6048
a6GDo0000000HZ0MAM,6016.47
a6GDo0000000HYuMAM,8568
a6GDo0000000HKBMA2,10940
a6GDo0000000HAbMAM,2340
a6GDo0000000HGjMAM,1200
a6GDo0000000Fp7MAE,1015
a6GDo0000000HRaMAM,2400
a6GDo0000000HVCMA2,2700
a6GDo0000000HV2MAM,2800
a6GDo0000000HUnMAM,3336
a6GDo0000000GmEMAU,3654
a6GDo0000000HSJMA2,3480
a6GDo0000000H0ZMAU,2400
a6GDo0000000HT6MAM,3000
a6GDo0000000HPdMAM,1200
a6GDo0000000GVmMAM,1260.78
a6GDo0000000HKZMA2,11843.01
a6GDo0000000GvmMAE,13910.34
a6GDo0000000HK5MAM,6174
a6GDo0000000Gn2MAE,7020
a6GDo0000000GuNMAU,3654
a6GDo0000000HIYMA2,1596
a6GDo0000000HIXMA2,5000
a6GDo0000000Ge7MAE,2520
a6GDo0000000Gy6MAE,7683.6
a6GDo0000000H7aMAE,5400
a6GDo0000000GuiMAE,3336
a6GDo0000000HBHMA2,8820
a6GDo0000000H1dMAE,3169
a6GDo0000000GKLMA2,27118.8
a6GDo0000000H7jMAE,3732
a6GDo0000000H6CMAU,5821.2
a6GDo0000000GpPMAU,7368.5
a6GDo0000000H4zMAE,2512.89
a6GDo0000000GPjMAM,7040
a6GDo0000000GmeMAE,7683.6
a6GDo0000000Gu2MAE,900
a6GDo0000000H0TMAU,7030.8
a6GDo0000000Gq6MAE,5760
a6GDo0000000GP2MAM,2400
a6GDo0000000GqWMAU,1740
a6GDo0000000GyJMAU,1607.09
a6GDo0000000GRPMA2,2895.32
a6GDo0000000FTVMA2,3000
a6GDo0000000GvnMAE,7680
a6GDo0000000GjaMAE,2640
a6GDo0000000Gv4MAE,1936.96
a6GDo0000000GnaMAE,2400
a6GDo0000000GuVMAU,2400
a6GDo0000000GrCMAU,4000
a6GDo0000000GpMMAU,3654
a6GDo0000000GmwMAE,3654
a6GDo0000000GTDMA2,1800
a6GDo0000000GXGMA2,1680
a6GDo0000000GSNMA2,1200
a6GDo0000000Gn5MAE,5600
a6GDo0000000FmTMAU,5332
a6GDo0000000GP6MAM,2268.4
a6GDo0000000GlTMAU,1800
a6GDo0000000GgyMAE,3336
a6GDo0000000Gl9MAE,61254
a6GDo0000000FoIMAU,1900
a6GDo0000000GYGMA2,5484
a6GDo0000000GQwMAM,6520.51
a6GDo0000000GZeMAM,8315.7
a6GDo0000000GfGMAU,9337.34
a6GDo0000000GerMAE,8568
a6GDo0000000GeNMAU,2325.58
a6GDo0000000GWlMAM,5736
a6GDo0000000GJ1MAM,5000
a6GDo0000000GKuMAM,900
a6GDo0000000GXxMAM,9193.8
a6GDo0000000GRBMA2,2493
a6GDo0000000GYUMA2,13538.2
a6GDo0000000GYFMA2,9360
a6GDo0000000Fw0MAE,7500
a6GDo0000000GHRMA2,6848
a6GDo0000000FvyMAE,5000
a6GDo0000000GP9MAM,3686
a6GDo0000000GUSMA2,4500
a6GDo0000000GTuMAM,3933
a6GDo0000000GToMAM,8481.6
a6GDo0000000G6lMAE,15145
a6GDo0000000GS7MAM,8316
a6GDo0000000GROMA2,1400
a6GDo0000000G5EMAU,29775.6
a6GDo0000000GQRMA2,6120
a6GDo0000000GCgMAM,5400
a6GDo0000000GO5MAM,6135
a6GDo0000000GK1MAM,12743.01
a6GDo0000000FlAMAU,13028.4
a6GDo0000000GBbMAM,5544
a6GDo0000000GEzMAM,1800
a6GDo0000000GEtMAM,3000
a6GDo0000000GEUMA2,16050
a6GDo0000000Fz8MAE,5616.39
a6GDo0000000GC4MAM,3087
a6GDo0000000Ff1MAE,3774
a6GDo0000000G6pMAE,1819
a6GDo0000000G58MAE,5817.42
a6GDo0000000G5DMAU,6228
a6GDo0000000FmgMAE,7421.28
a6GDo0000000G2xMAE,4044.6
a6GDo0000000FeyMAE,1735.65
a6GDo0000000G1BMAU,960
a6GDo0000000FZdMAM,3454
a6GDo0000000FitMAE,9698.4
a6GDo0000000FsFMAU,1800
a6GDo0000000FgjMAE,4359.6
a6GDo0000000FidMAE,3600
a6GDo0000000FY5MAM,5200
a6GDo0000000FdsMAE,6753
a6GDo0000000FaMMAU,1000
a6GDo0000000FZ2MAM,4560
a6GDo0000000FYsMAM,1800
a6GDo0000000FWhMAM,799
a6GDo0000000FW8MAM,1680
a6GDo0000000ElWMAU,3084
a6GDo0000000EglMAE,3780
a6GDo00000004NeMAI,9585
