Id,External_id__c
a5tDo000000x190IAA,EX-000002
a5tDI0000004CFGYA2,EX-000003
a5tDo000000x192IAA,EX-000004
a5tDo000000x193IAA,EX-000005
a5tDo000000x194IAA,EX-000006
a5tDo000000x195IAA,EX-000007
a5tDo000000x196IAA,EX-000008
a5tDo000000x197IAA,EX-000009
a5tDo000000x198IAA,EX-000010
a5tDo000000x199IAA,EX-000011
a5tDo000000x19AIAQ,EX-000012
a5tDo000000x19BIAQ,EX-000013
a5tDo000000x19CIAQ,EX-000014
a5tDo000000x19DIAQ,EX-000015
a5tDo000000x19EIAQ,EX-000016
a5tDo000000x19FIAQ,EX-000017
a5tDo000000x19GIAQ,EX-000018
a5tDo000000x19HIAQ,EX-000019
a5tDo000000x19IIAQ,EX-000020
a5tDo000000x19JIAQ,EX-000021
a5tDo000000x19KIAQ,EX-000022
a5tDo000000x19LIAQ,EX-000023
a5tDo000000x19MIAQ,EX-000024
a5tDo000000x19NIAQ,EX-000025
a5tDo000000x19OIAQ,EX-000026
a5tDo000000x19PIAQ,EX-000027
a5tDo000000x19QIAQ,EX-000028
a5tDo000000x19RIAQ,EX-000029
a5tDo000000x19SIAQ,EX-000030
a5tDo000000x19TIAQ,EX-000031
a5tDo000000x1P3IAI,EX-000032
a5tDo000000x2goIAA,EX-000033
a5tDI0000004CEwYAM,EX-000034
a5tDI0000004CF1YAM,EX-000035
a5tDI0000004CF6YAM,EX-000036
a5tDI0000004CFBYA2,EX-000037
a5tDo000000x191IAA,EX-000038
