OrderNumber,Verified_NS_Sales_Order_Id__c
00031697,4712185
00031700,4110285
00031699,4712187
00031698,4110277
00031723,4110275
00031720,4110264
00031725,4110283
00031726,4110287
00031727,4110291
00031728,4110295
00031729,4110299
00031730,4110303
00031721,4110268
00031722,4110272
00031701,4110289
00031702,4110293
00031703,4110297
00031704,4110301
00031705,4110305
00031707,4699030
00031706,4110309
00031708,4699031
00031709,4110320
00031710,4110324
00031711,4110328
00031712,4110332
00031713,4110335
00031714,4110339
00031715,4110343
00031716,4110347
00031717,4110351
00031718,4243846
00031719,4110260
00031724,4110279
00031754,4243847
00031732,4108571
00031762,4712191
00031763,4110401
00031764,4110405
00031765,4110408
00031766,4110412
00031767,4110416
00031768,4110420
00031769,4110424
00031770,4110427
00031733,4110307
00031734,4110311
00031735,4110314
00031736,4110318
00031737,4110322
00031738,4687302
00031739,4712188
00031740,4115732
00031741,4552793
00031742,4110349
00031743,4110353
00031744,4110356
00031745,4110358
00031746,4132276
00031747,4110361
00031748,4110363
00031749,4132277
00031750,4110366
00031753,4110371
00031751,4110368
00031752,4110369
00031731,4108568
00031761,4712190
00031787,4115734
00031786,4110392
00031789,4110403
00031790,4110406
00031791,4110410
00031792,4110414
00031793,4110418
00031794,4110422
00031795,4115736
00031796,4115737
00031797,4110432
00031798,4110436
00031799,4110440
00031800,4132382
00031771,4110430
00031772,4110434
00031773,4110438
00031774,4110441
00031776,4110447
00031777,4110451
00031778,4110454
00031779,4110458
00031780,4110462
00031781,4110375
00031782,4110379
00031783,4132279
00031784,4110386
00031785,4132280
00031788,4110399
00031821,4110494
00031820,4110490
00031823,4110501
00031824,4155359
00031825,4110507
00031827,4132390
00031828,4110516
00031829,4110520
00031830,4110524
00031831,4110528
00031832,4110532
00031833,4110535
00031839,4110556
00031840,4110559
00031801,4110445
00031802,4110449
00031803,4110453
00031804,4110456
00031805,4110460
00031806,4110464
00031807,4115740
00031808,4132383
00031809,4132384
00031810,4110468
00031811,4110470
00031813,4132385
00031814,4110475
00031815,4132386
00031816,4110478
00031817,4110479
00031818,4110483
00031819,4110487
00031822,4110498
00031844,4110485
00031860,4110540
00031842,4132394
00031843,4110481
00031845,4110488
00031846,4110492
00031847,4110496
00031848,4243848
00031849,4110503
00031850,4110505
00031851,4110509
00031852,4712193
00031853,4110514
00031854,4110518
00031855,4110522
00031856,4110526
00031857,4110530
00031861,4509403
00031862,4110548
00031863,4110551
00031864,4155360
00031865,4110557
00031866,4110561
00031867,4552800
00031868,4110567
00031869,4110570
00031870,4110572
00031871,4699038
00031872,4110576
00031873,4110578
00031874,4110580
00031875,4699039
00031876,4110584
00031877,4110586
00031878,4110588
00031879,4110589
00031858,4110534
00031859,4110536
00031841,4132393
00031882,4110600
00031881,4110596
00031884,4110608
00031885,4132395
00031886,4110615
00031887,4155361
00031888,4699042
00031889,4110626
00031890,4110630
00031892,4110638
00031893,4110642
00031894,4110646
00031895,4110649
00031896,4687309
00031897,4110657
00031898,4110661
00031899,4110665
00031900,4110668
00031901,4110672
00031902,4699043
00031903,4110680
00031904,4110684
00031905,4110591
00031907,4110598
00031908,4110602
00031909,4110606
00031910,4110610
00031883,4110604
00031914,4110624
00031913,4110620
00031916,4110632
00031917,4110636
00031918,4110640
00031919,4110644
00031920,4110647
00031921,4110651
00031922,4110655
00031923,4110659
00031924,4110663
00031925,4110667
00031926,4110670
00031927,4110674
00031928,4110678
00031929,4110682
00031930,4110686
00031931,4110689
00031932,4110690
00031933,4110692
00031934,4110693
00031935,4110695
00031936,4110697
00031937,4110699
00031938,4699044
00031939,4110703
00031940,4110705
00031911,4110613
00031912,4110617
00031915,4110628
00031946,4110725
00031945,4110721
00031948,4110733
00031949,4132398
00031950,4110739
00031951,4687310
00031953,4110750
00031954,4699047
00031955,4110758
00031956,4110762
00031957,4110764
00031958,4110767
00031959,4110771
00031961,4110777
00031962,4110780
00031963,4110782
00031964,4110785
00031965,4110788
00031967,4110707
00031966,4110792
00031968,4110711
00031969,4110715
00031970,4110719
00031941,4110706
00031942,4110709
00031943,4110713
00031944,4110717
00031947,4110729
00031978,4132400
00031979,4110752
00031980,4110756
00031977,4110745
00031974,4110735
00031975,4110737
00031976,4110741
00031973,4110731
00031984,4110769
00032000,4110809
00031982,4110763
00031983,4712201
00031985,4110773
00031986,4110776
00031987,4110779
00031988,4115753
00031989,4115755
00031990,4110787
00031991,4110790
00031993,4110797
00031994,4110798
00031995,4110800
00031996,4110802
00031997,4712202
00031998,4110805
00031999,4110807
00031981,4699048
00032001,4115758
00032002,4115759
00032003,4110812
00032004,4110815
00032009,4110833
00032006,4110822
00032007,4110825
00032008,4110829
00032005,4110819
00032011,4110839
00032030,4110817
00032013,4110847
00032014,4110851
00032015,4110855
00032016,4110859
00032017,4110863
00032018,4110867
00032019,4110870
00032020,4110873
00032021,4132408
00032022,4712205
00032023,4110882
00032024,4110885
00032025,4110888
00032026,4110890
00032027,4110893
00032028,4110897
00032029,4110813
00032012,4110843
00032031,4110820
00032050,4110875
00032032,4132404
00032033,4110827
00032034,4110831
00032036,4110838
00032038,4110845
00032039,4110849
00032040,4110853
00032045,4110857
00032042,4108217
00032043,4108222
00032044,4712142
00032046,4110861
00032047,4110865
00032048,4132406
00032035,4110835
00032051,4132413
00032070,4110937
00032053,4110895
00032054,4110898
00032055,4110900
00032056,4110902
00032057,4110904
00032058,4110906
00032059,4110908
00032062,4687312
00032063,4110916
00032064,4132416
00032065,4110918
00032066,4110922
00032067,4132417
00032068,4110929
00032069,4110933
00032052,4110892
00032084,4110987
00032085,4132425
00032086,4110991
00032087,4110995
00032088,4110999
00032089,4111003
00032090,4111007
00032075,4110956
00032076,4699052
00032077,4132419
00032078,4110966
00032079,4110969
00032080,4132422
00032081,4132423
00032082,4699053
00032083,4110983
00032091,4110920
00032110,4110988
00032093,4110927
00032094,4110931
00032095,4687313
00032096,4132418
00032097,4110942
00032099,4110950
00032100,4110954
00032101,4110958
00032102,4110962
00032103,4110964
00032104,4110967
00032105,4110971
00032106,4110974
00032107,4687314
00032108,4110981
00032109,4110985
00032092,4110924
00032111,4110990
00032130,4111040
00032113,4110997
00032114,4111001
00032115,4111005
00032116,4111009
00032117,4111012
00032118,4111014
00032119,4111016
00032120,4111018
00032122,4111020
00032123,4111022
00032124,4111024
00032125,4111026
00032126,4699056
00032127,4111029
00032128,4111032
00032129,4111036
00032112,4699055
00032150,4132431
00032149,4111111
00032132,4111048
00032133,4111051
00032134,4111054
00032135,4111058
00032136,4111062
00032137,4111065
00032138,4111069
00032139,4111073
00032140,4111077
00032141,4111080
00032142,4111084
00032143,4111088
00032144,4111092
00032145,4111096
00032146,4111100
00032147,4111104
00032148,4111108
00032131,4111044
00032151,4111117
00032170,4699059
00032153,4111031
00032154,4699057
00032155,4111038
00032156,4111042
00032157,4111046
00032158,4111049
00032159,4552811
00032160,4111056
00032161,4712207
00032162,4111064
00032163,4111067
00032164,4111071
00032165,4111075
00032166,4132430
00032168,4111086
00032169,4699058
00032152,4111120
00032171,4111098
00032200,4111177
00032173,4111106
00032174,4111109
00032175,4111112
00032176,4699061
00032177,4111119
00032178,4111122
00032179,4111125
00032180,4111126
00032181,4115768
00032182,4111129
00032183,4132434
00032184,4111132
00032185,4111134
00032186,4111136
00032187,4111138
00032188,4132435
00032189,4132436
00032190,4111143
00032191,4111145
00032195,4111160
00032192,4111148
00032193,4111152
00032194,4111156
00032196,4111163
00032197,4111167
00032198,4111170
00032199,4111174
00032172,4111102
00032217,4111147
00032216,4111144
00032219,4111154
00032220,4111158
00032201,4111181
00032202,4111184
00032203,4111188
00032204,4111192
00032205,4111196
00032208,4111207
00032209,4111211
00032210,4111214
00032211,4111218
00032212,4111222
00032213,4111225
00032214,4111229
00032215,4111141
00032218,4111150
00032221,4111161
00032250,4699062
00032223,4111169
00032224,4111172
00032225,4111175
00032226,4111179
00032227,4111182
00032228,4111186
00032229,4111190
00032230,4111194
00032231,4111198
00032232,4111201
00032233,4552818
00032234,4111209
00032235,4111212
00032236,4111216
00032237,4111220
00032238,4111223
00032239,4111227
00032240,4111231
00032241,4111233
00032242,4132441
00032243,4111236
00032244,4111238
00032245,4111240
00032246,4111242
00032247,4111244
00032248,4111246
00032249,4111248
00032222,4111165
00032251,4111251
00032270,4111319
00032253,4111259
00032254,4111262
00032255,4111266
00032256,4111270
00032257,4111274
00032258,4687321
00032259,4111282
00032260,4552819
00032261,4111288
00032262,4115774
00032263,4111294
00032264,4111298
00032265,4111302
00032266,4111306
00032267,4111308
00032268,4111312
00032269,4111315
00032252,4111255
00032284,4111280
00032283,4111276
00032287,4111290
00032289,4111296
00032290,4111300
00032291,4111304
00032292,4111307
00032293,4111310
00032294,4552820
00032295,4111317
00032296,4111321
00032297,4111325
00032298,4111329
00032299,4111332
00032300,4111336
00032271,4111323
00032272,4111327
00032273,4111331
00032276,4111341
00032277,4111253
00032278,4111257
00032279,4111260
00032280,4111264
00032281,4712208
00032285,4111284
00032301,4111339
00032320,4111389
00032303,4111345
00032304,4111346
00032305,4111348
00032306,4111350
00032307,4111352
00032308,4111353
00032309,4111355
00032312,4111361
00032313,4687323
00032314,4111366
00032315,4111370
00032316,4552824
00032318,4111381
00032319,4111385
00032302,4111343
00032321,4111393
00032340,4111368
00032323,4111402
00032324,4699065
00032325,4552826
00032326,4111412
00032327,4111415
00032328,4111419
00032329,4111423
00032330,4111427
00032331,4111429
00032332,4111432
00032333,4111436
00032334,4111439
00032335,4687328
00032336,4111446
00032337,4111450
00032338,4111453
00032339,4111364
00032322,4111397
00032354,4111421
00032353,4111417
00032357,4687327
00032358,4699066
00032359,4111438
00032360,4699067
00032341,4111372
00032342,4111376
00032343,4687325
00032344,4552825
00032345,4111387
00032346,4111391
00032348,4111400
00032349,4111404
00032350,4111407
00032351,4111411
00032352,4111414
00032356,4243851
00032361,4111444
00032390,4111529
00032363,4111451
00032364,4111455
00032365,4687329
00032366,4111460
00032367,4111462
00032368,4111464
00032369,4111466
00032370,4111468
00032371,4699069
00032372,4111472
00032373,4111474
00032374,4132454
00032375,4111476
00032376,4111478
00032377,4111482
00032378,4699070
00032379,4687331
00032380,4111493
00032381,4111497
00032382,4111501
00032383,4111504
00032384,4111508
00032385,4111511
00032387,4132457
00032386,4111515
00032388,4111522
00032389,4712213
00032362,4111448
00032395,4111545
00032394,4111542
00032397,4111553
00032398,4687332
00032399,4111560
00032400,4552831
00032401,4115778
00032402,4111480
00032403,4111484
00032404,4111488
00032405,4111491
00032406,4111495
00032407,4111499
00032408,4111502
00032409,4111506
00032410,4111509
00032411,4111513
00032412,4111517
00032413,4552830
00032414,4111524
00032415,4111527
00032417,4111535
00032416,4111531
00032418,4111538
00032419,4132459
00032420,4132460
00032391,4111533
00032392,4111536
00032393,4111539
00032396,4111549
00032431,4111575
00032426,4699071
00032433,4111579
00032434,4111581
00032435,4111583
00032436,4111585
00032437,4111586
00032438,4111590
00032439,4111594
00032440,4712216
00032427,4111568
00032428,4111570
00032430,4132463
00032421,4111547
00032422,4111551
00032423,4111554
00032424,4111558
00032425,4111562
00032432,4111577
00032464,4111592
00032463,4111588
00032466,4111700
00032467,4111704
00032468,4111708
00032469,4111712
00032470,4111715
00032441,4111702
00032442,4111706
00032443,4111710
00032444,4111714
00032445,4111717
00032446,4111720
00032447,4132465
00032448,4111727
00032449,4552832
00032450,4111734
00032451,4111738
00032452,4132467
00032453,4243854
00032454,4132469
00032456,4132470
00032457,4132471
00032458,4111757
00032459,4111761
00032460,4111765
00032461,4111769
00032462,4111773
00032465,4111596
00032471,4111718
00032490,4132473
00032473,4111725
00032474,4111729
00032475,4111732
00032476,4111736
00032477,4712217
00032478,4687333
00032479,4111745
00032480,4115783
00032481,4115784
00032483,4111755
00032484,4111759
00032485,4111763
00032488,4111775
00032489,4111777
00032472,4111722
00032508,4112027
00032507,4112023
00032510,4112034
00032491,4111780
00032492,4111782
00032493,4111784
00032494,4111786
00032495,4111788
00032498,4712219
00032499,4111795
00032500,4111798
00032501,4112002
00032502,4112005
00032503,4112009
00032504,4112013
00032505,4112017
00032506,4112020
00032509,4112031
00032511,4552837
00032540,4112050
00032514,4112048
00032515,4112052
00032516,4112056
00032517,4112060
00032518,4112064
00032519,4112068
00032520,4112071
00032521,4112075
00032522,4112079
00032523,4112083
00032524,4112087
00032525,4111797
00032526,4112000
00032527,4132475
00032528,4112007
00032531,4712220
00032532,4132476
00032533,4112025
00032535,4112032
00032536,4132477
00032537,4112039
00032538,4112043
00032539,4112047
00032513,4112045
00032555,4112098
00032554,4112096
00032557,4112101
00032558,4112103
00032559,4112105
00032560,4112107
00032541,4112054
00032542,4112058
00032543,4112062
00032544,4112066
00032545,4115788
00032546,4112073
00032547,4112077
00032548,4112081
00032549,4112085
00032550,4115789
00032551,4112091
00032552,4112092
00032556,4115791
00032587,4112110
00032575,4112153
00032589,4155366
00032590,4243856
00032577,4112161
00032578,4112165
00032579,4112168
00032580,4112171
00032581,4112175
00032582,4112179
00032583,4112183
00032584,4552841
00032585,4112190
00032586,4112193
00032561,4112108
00032562,4687335
00032564,4112118
00032565,4112121
00032567,4115792
00032570,4552839
00032574,4112149
00032571,4112139
00032572,4112143
00032573,4552840
00032588,4112113
00032591,4155367
00032610,4112188
00032593,4699074
00032594,4132481
00032595,4112133
00032596,4112137
00032597,4112141
00032598,4112145
00032599,4115793
00032600,4112151
00032601,4112155
00032602,4112159
00032603,4112163
00032605,4155368
00032606,4112173
00032607,4112177
00032608,4112181
00032609,4712222
00032592,4687336
00032619,4112208
00032618,4112206
00032621,4112211
00032622,4112213
00032623,4132487
00032625,4699075
00032631,4112239
00032632,4112243
00032633,4112247
00032634,4112251
00032635,4112254
00032636,4112257
00032637,4132490
00032638,4112263
00032640,4112271
00032611,4132485
00032612,4132486
00032613,4112197
00032615,4112201
00032616,4112203
00032617,4112205
00032620,4112209
00032658,4112245
00032650,4112218
00032660,4112252
00032651,4112221
00032652,4112223
00032653,4112227
00032654,4112230
00032655,4112233
00032656,4112237
00032657,4112241
00032641,4112274
00032642,4112278
00032643,4112282
00032644,4112286
00032645,4112290
00032646,4112294
00032647,4112298
00032648,4112403
00032649,4112215
00032659,4112249
00032661,4112255
00032690,4112441
00032663,4687338
00032664,4112265
00032665,4112269
00032666,4132491
00032667,4112276
00032668,4112280
00032669,4112284
00032670,4112288
00032671,4112292
00032672,4112296
00032673,4112401
00032674,4112405
00032675,4112408
00032676,4112410
00032677,4115798
00032678,4112413
00032679,4112415
00032680,4112417
00032681,4115799
00032682,4112419
00032683,4112421
00032684,4112423
00032685,4687340
00032686,4112428
00032687,4112431
00032688,4115800
00032689,4112437
00032662,4112259
00032698,4112472
00032697,4112467
00032700,4112479
00032701,4132494
00032702,4112486
00032703,4112490
00032704,4112494
00032705,4112498
00032706,4112502
00032707,4112506
00032708,4112509
00032709,4112513
00032710,4112517
00032691,4112444
00032692,4112448
00032693,4112452
00032694,4112455
00032695,4112459
00032696,4112463
00032699,4112476
00032715,4112439
00032714,4112435
00032717,4112446
00032718,4112450
00032719,4112453
00032720,4112457
00032721,4112461
00032722,4112465
00032723,4112469
00032724,4112474
00032727,4112484
00032729,4112492
00032730,4112496
00032731,4112500
00032732,4112504
00032733,4112508
00032734,4112511
00032735,4112515
00032736,4112519
00032737,4112521
00032738,4112523
00032739,4112525
00032740,4112527
00032711,4112426
00032712,4112430
00032713,4112433
00032716,4115802
00032747,4112539
00032746,4112538
00032749,4112546
00032750,4112550
00032751,4112553
00032752,4112557
00032753,4112560
00032754,4112564
00032755,4115807
00032756,4115808
00032757,4687346
00032758,4112577
00032759,4112581
00032760,4112585
00032741,4112529
00032742,4112530
00032743,4112532
00032744,4112534
00032745,4112536
00032748,4112543
00032785,4112583
00032777,4112555
00032788,4112594
00032789,4112597
00032790,4112600
00032778,4115806
00032779,4112562
00032780,4112566
00032781,4112569
00032782,4112572
00032783,4112575
00032784,4112579
00032761,4112589
00032762,4112592
00032763,4112595
00032767,4112609
00032764,4112598
00032765,4112602
00032766,4112605
00032768,4112613
00032769,4112617
00032770,4112621
00032774,4112544
00032771,4112625
00032772,4112628
00032773,4112541
00032775,4112548
00032776,4115805
00032786,4112587
00032794,4112615
00032810,4552851
00032792,4112607
00032793,4112611
00032795,4112619
00032796,4112623
00032797,4112626
00032799,4112633
00032800,4112635
00032804,4112643
00032801,4112637
00032802,4112639
00032803,4112641
00032805,4112645
00032806,4112647
00032807,4552850
00032808,4112650
00032809,4112651
00032791,4112603
00032811,4112659
00032814,4132500
00032813,4112665
00032815,4132501
00032816,4112673
00032817,4112676
00032818,4112680
00032819,4112683
00032820,4699080
00032824,4687347
00032821,4132505
00032822,4112691
00032823,4112695
00032825,4112702
00032826,4112706
00032827,4112710
00032828,4155685
00032829,4112716
00032830,4112720
00032834,4112735
00032831,4112724
00032832,4112728
00032833,4112731
00032835,4112653
00032836,4112657
00032837,4112660
00032838,4112664
00032839,4712225
00032840,4112669
00032812,4112662
00032844,4115815
00032843,4112678
00032846,4112688
00032847,4132506
00032848,4112693
00032849,4112697
00032850,4712226
00032854,4243950
00032851,4112704
00032852,4112708
00032853,4112712
00032855,4112718
00032856,4712227
00032857,4112726
00032858,4112730
00032859,4112733
00032860,4112737
00032841,4112671
00032842,4112674
00032845,4112685
00032876,4112775
00032875,4112772
00032878,4112781
00032879,4112784
00032880,4112788
00032884,4112800
00032881,4112792
00032882,4112794
00032883,4112797
00032885,4112804
00032887,4112812
00032888,4112815
00032889,4112819
00032890,4112823
00032864,4112745
00032861,4112740
00032862,4112742
00032863,4112744
00032865,4115818
00032866,4112748
00032867,4112750
00032868,4112752
00032869,4112754
00032870,4112756
00032871,4112757
00032872,4112761
00032873,4112765
00032874,4112768
00032877,4112778
00032901,4552792
00032909,4115820
00032910,4112795
00032894,4112837
00032891,4112827
00032892,4112830
00032893,4112834
00032895,4112840
00032896,4112844
00032898,4112763
00032899,4112766
00032900,4112770
00032903,4112773
00032904,4112776
00032905,4115819
00032906,4112782
00032907,4112786
00032908,4112790
00032902,4110341
00032940,4112893
00032939,4112889
00032911,4112806
00032912,4112810
00032913,4112814
00032915,4112821
00032916,4112825
00032917,4112828
00032918,4112832
00032919,4115824
00032920,4115825
00032921,4112842
00032922,4112846
00032923,4112849
00032924,4112851
00032925,4112853
00032926,4112855
00032927,4112857
00032928,4112859
00032929,4699081
00032930,4112863
00032934,4112871
00032931,4112865
00032932,4552958
00032933,4112867
00032935,4112875
00032936,4112879
00032937,4112882
00032938,4132514
00032914,4112817
00032944,4112908
00032960,4112873
00032942,4112901
00032943,4112904
00032945,4112912
00032946,4112916
00032947,4112919
00032948,4112923
00032949,4112927
00032950,4112931
00032951,4155687
00032952,4112936
00032953,4112940
00032954,4112944
00032955,4112947
00032956,4112951
00032958,4112956
00032959,4112869
00032941,4112897
00032971,4112914
00032974,4552959
00032975,4552960
00032977,4112934
00032978,4112938
00032979,4112942
00032980,4112946
00032981,4112949
00032982,4112952
00032983,4112955
00032984,4112957
00032985,4552962
00032986,4687352
00032987,4112963
00032988,4112965
00032989,4112967
00032990,4112969
00032964,4112887
00032961,4112877
00032962,4112880
00032963,4112884
00032965,4112891
00032966,4112895
00032967,4112899
00032968,4112903
00032969,4112906
00032970,4112910
00032973,4112921
00033004,4113004
00033003,4113000
00033007,4113015
00033008,4113018
00032994,4112976
00032991,4552963
00032992,4132520
00032993,4112974
00032995,4112977
00032996,4112980
00032997,4112983
00032998,4112986
00032999,4112989
00033000,4112991
00033001,4112994
00033002,4112997
00033006,4113012
00033014,4113039
00033040,4113041
00033012,4113032
00033013,4115837
00033015,4113043
00033016,4113047
00033017,4115838
00033018,4113051
00033019,4115840
00033020,4115841
00033021,4132521
00033022,4115830
00033023,4115831
00033024,4552964
00033025,4112990
00033026,4112992
00033027,4155374
00033028,4115833
00033029,4113002
00033030,4113006
00033031,4113010
00033032,4113014
00033034,4113020
00033035,4113024
00033036,4115835
00033037,4113030
00033038,4113034
00033039,4113037
00033011,4113028
00033056,4109838
00033055,4109836
00033058,4109846
00033059,4109850
00033060,4109853
00033041,4113045
00033042,4552965
00033045,4618025
00033046,4113056
00033047,4552777
00033048,4109823
00033049,4109825
00033050,4109827
00033051,4109829
00033052,4687180
00033053,4109832
00033054,4109834
00033057,4109843
00033064,4109866
00033080,4109922
00033062,4109858
00033063,4109862
00033066,4109874
00033067,4109878
00033068,4109881
00033069,4109884
00033070,4109888
00033071,4109892
00033072,4132232
00033073,4132234
00033074,4132235
00033075,4109904
00033076,4109908
00033077,4109912
00033078,4109916
00033079,4109919
00033061,4109855
00033100,4109899
00033099,4132233
00033081,4109924
00033082,4109927
00033083,4552779
00033085,4687181
00033086,4109851
00033088,4552781
00033089,4109860
00033090,4109864
00033094,4109879
00033091,4109868
00033092,4109872
00033093,4109876
00033095,4552782
00033096,4109886
00033097,4109890
00033098,4109894
00033084,4132226
00033104,4109914
00033118,4720067
00033102,4109906
00033103,4109910
00033105,4109918
00033106,4109921
00033108,4109925
00033109,4109928
00033111,4115715
00033112,4109931
00033113,4109933
00033114,4109935
00033115,4552783
00033117,4115716
00033101,4109902
00033133,4109992
00033132,4109989
00033135,4109998
00033136,4110002
00033138,4110007
00033139,4110011
00033140,4110015
00033144,4110026
00033141,4110017
00033143,4110023
00033145,4109944
00033146,4109948
00033147,4109952
00033148,4109955
00033149,4712173
00033150,4109961
00033121,4115717
00033125,4699024
00033126,4109970
00033127,4109974
00033128,4109978
00033129,4132245
00033130,4109985
00033131,4109988
00033134,4712175
00033151,4552784
00033179,4712178
00033153,4109972
00033154,4109976
00033155,4109980
00033156,4109983
00033157,4109986
00033158,4132248
00033159,4712174
00033160,4109993
00033164,4110005
00033161,4109996
00033162,4110000
00033163,4115718
00033165,4110009
00033166,4110013
00033167,4110016
00033168,4110019
00033169,4110022
00033170,4110025
00033171,4110027
00033172,4110029
00033173,4155355
00033174,4132257
00033175,4110032
00033176,4110034
00033177,4110036
00033178,4712177
00033152,4243841
00033189,4552785
00033183,4115720
00033197,4110097
00033196,4110094
00033199,4110104
00033200,4110108
00033204,4110121
00033201,4110111
00033202,4110115
00033203,4110118
00033205,4110125
00033206,4110129
00033207,4115719
00033208,4110046
00033209,4110049
00033210,4115721
00033214,4110064
00033211,4110054
00033212,4110058
00033213,4110062
00033215,4699026
00033216,4243845
00033217,4110074
00033218,4110077
00033219,4110081
00033220,4110085
00033193,4110083
00033194,4110087
00033195,4110090
00033198,4110100
00033229,4115725
00033228,4552787
00033231,4110123
00033232,4110127
00033235,4110133
00033236,4110135
00033237,4110136
00033238,4110137
00033239,4110139
00033244,4110149
00033241,4687196
00033242,4110143
00033243,4132914
00033246,4110156
00033247,4110159
00033248,4110163
00033249,4110167
00033250,4110171
00033221,4110089
00033222,4110092
00033223,4115723
00033226,4110106
00033227,4110109
00033230,4110119
00033261,4110212
00033257,4110198
00033263,4110220
00033264,4110224
00033265,4110228
00033266,4110232
00033267,4110236
00033268,4110240
00033269,4115727
00033270,4110147
00033274,4110161
00033271,4115728
00033272,4110154
00033273,4115729
00033275,4110165
00033276,4110169
00033277,4110173
00033278,4110177
00033279,4552788
00033280,4110184
00033258,4552789
00033259,4110204
00033260,4110208
00033251,4110175
00033252,4712182
00033253,4110183
00033254,4110186
00033255,4699028
00033256,4110194
00033262,4110216
00033305,4110261
00033292,4110230
00033307,4110269
00033308,4110273
00033309,4110276
00033310,4110280
00033293,4110234
00033294,4110238
00033295,4110241
00033296,4110242
00033297,4110244
00033298,4110246
00033299,4110248
00033300,4712183
00033301,4712184
00033302,4110254
00033304,4110257
00033281,4110188
00033282,4687298
00033283,4110196
00033284,4110199
00033285,4110202
00033286,4110206
00033287,4110210
00033288,4110214
00033289,4110218
00033290,4110222
00033291,4110226
00033306,4110265
00033311,4110284
00033340,4110294
00033313,4110292
00033314,4110296
00033315,4110300
00033316,4110304
00033317,4110308
00033318,4132274
00033319,4110315
00033320,4552790
00033324,4110334
00033321,4552791
00033322,4110327
00033323,4110331
00033325,4110338
00033326,4110342
00033327,4110346
00033328,4110350
00033329,4110354
00033330,4687303
00033331,4115731
00033332,4110263
00033333,4110267
00033334,4110271
00033335,4712186
00033336,4110278
00033337,4110282
00033338,4110286
00033339,4110290
00033312,4699029
00033368,4110380
00033369,4509387
00033370,4110387
00033357,4110357
00033358,4110359
00033359,4110360
00033360,4110362
00033361,4110364
00033362,4110365
00033363,4110367
00033364,4552795
00033365,4110370
00033366,4110372
00033367,4110376
00033341,4110298
00033342,4110302
00033343,4110306
00033344,4110310
00033345,4110313
00033346,4110317
00033347,4110321
00033348,4687301
00033349,4110329
00033350,4110333
00033351,4712189
00033352,4110340
00033353,4110344
00033354,4110348
00033355,4110352
00033356,4699032
00033389,4115739
00033388,4552799
00033391,4110461
00033392,4110465
00033393,4110374
00033394,4110378
00033395,4110382
00033396,4110385
00033397,4115733
00033398,4110391
00033399,4110395
00033400,4110398
00033371,4110389
00033372,4110393
00033373,4110396
00033374,4110400
00033375,4110404
00033376,4110407
00033377,4110411
00033378,4110415
00033379,4110419
00033380,4552798
00033384,4110437
00033381,4110426
00033382,4110429
00033383,4110433
00033385,4132281
00033386,4115738
00033387,4110446
00033390,4110457
00033402,4115735
00033412,4112802
00033405,4110417
00033406,4110421
00033407,4110425
00033408,4110428
00033409,4699033
00033410,4699034
00033413,4110439
00033414,4110442
00033415,4110444
00033416,4110448
00033417,4110452
00033418,4110455
00033419,4110459
00033420,4110463
00033404,4110413
00033401,4110402
00033411,4112799
00033403,4110409
00033428,4110477
00033427,4110476
00033430,4110486
00033434,4110500
00033431,4712192
00033432,4110493
00033433,4110497
00033435,4132387
00033436,4110506
00033437,4132388
00033438,4110512
00033439,4110515
00033440,4110519
00033441,4110523
00033442,4110527
00033443,4110531
00033444,4115744
00033445,4110537
00033446,4110541
00033447,4110545
00033448,4110549
00033449,4110552
00033450,4110555
00033424,4110471
00033421,4115741
00033422,4115742
00033423,4110469
00033425,4110473
00033426,4110474
00033429,4110482
00033464,4132389
00033490,4110587
00033466,4110517
00033467,4110521
00033468,4712194
00033469,4699035
00033470,4110533
00033471,4712195
00033472,4712196
00033473,4110543
00033474,4110547
00033475,4115745
00033476,4699036
00033477,4132392
00033478,4110560
00033479,4699037
00033480,4687308
00033481,4110569
00033482,4110571
00033483,4110573
00033484,4110575
00033485,4110577
00033452,4110562
00033453,4110565
00033455,4110480
00033456,4110484
00033457,4115743
00033458,4687305
00033459,4110495
00033460,4110499
00033461,4110502
00033462,4110504
00033463,4110508
00033454,4110568
00033451,4110558
00033487,4110581
00033488,4110583
00033465,4110513
00033495,4110607
00033494,4110603
00033497,4699040
00033498,4699041
00033499,4110621
00033500,4110625
00033504,4110641
00033501,4110629
00033502,4110633
00033503,4110637
00033505,4110645
00033506,4110648
00033507,4110652
00033508,4110656
00033509,4110660
00033510,4110664
00033491,4115746
00033492,4110595
00033493,4110599
00033496,4712197
00033524,4110616
00033517,4110590
00033526,4110623
00033527,4110627
00033528,4552801
00033529,4110635
00033530,4110639
00033531,4110643
00033532,4115747
00033533,4110650
00033534,4110654
00033536,4110662
00033537,4712198
00033538,4110669
00033539,4110673
00033540,4110677
00033518,4110593
00033519,4110597
00033520,4110601
00033521,4110605
00033522,4110609
00033523,4110612
00033511,4155362
00033512,4110671
00033513,4110675
00033514,4110679
00033515,4110683
00033516,4110687
00033525,4110619
00033541,4110681
00033560,4712200
00033543,4110688
00033544,4132396
00033545,4110691
00033546,4115748
00033547,4110694
00033548,4110696
00033549,4110698
00033550,4110700
00033554,4110712
00033551,4110702
00033552,4110704
00033553,4110708
00033555,4712199
00033556,4110720
00033557,4110724
00033558,4110728
00033559,4110732
00033542,4110685
00033589,4110744
00033588,4110740
00033561,4110738
00033562,4110742
00033563,4110746
00033564,4110749
00033565,4110753
00033566,4110757
00033567,4110761
00033568,4132401
00033569,4110766
00033570,4110770
00033571,4110774
00033572,4115751
00033573,4115752
00033574,4115754
00033575,4110784
00033576,4115756
00033577,4110791
00033578,4110795
00033579,4132397
00033580,4110710
00033584,4110726
00033581,4110714
00033582,4699045
00033583,4110722
00033585,4110730
00033586,4699046
00033587,4132399
00033590,4110748
00033591,4110751
00033620,4110832
00033593,4110759
00033594,4115749
00033595,4115750
00033596,4110768
00033597,4110772
00033598,4552804
00033599,4110778
00033600,4110781
00033601,4110783
00033602,4110786
00033603,4110789
00033604,4110793
00033605,4110796
00033606,4115757
00033607,4110799
00033608,4110801
00033609,4552805
00033610,4110804
00033611,4110806
00033612,4110808
00033613,4110810
00033614,4110811
00033615,4110814
00033616,4110818
00033617,4110821
00033618,4712204
00033619,4110828
00033592,4110755
00033621,4110836
00033640,4110899
00033623,4110842
00033624,4110846
00033625,4110850
00033626,4110854
00033627,4110858
00033628,4110862
00033629,4110866
00033630,4110869
00033634,4132410
00033631,4132407
00033632,4110876
00033633,4110879
00033635,4110884
00033636,4132411
00033637,4110889
00033638,4132414
00033639,4552806
00033622,4115760
00033653,4110856
00033652,4110852
00033655,4110864
00033656,4110868
00033657,4110871
00033658,4110874
00033659,4110877
00033660,4110880
00033641,4712203
00033642,4110816
00033643,4132403
00033644,4110823
00033645,4699050
00033646,4110830
00033647,4110834
00033648,4110837
00033649,4110840
00033650,4110844
00033651,4110848
00033654,4110860
00033664,4110891
00033690,4110968
00033662,4110886
00033663,4132412
00033665,4110894
00033666,4115762
00033667,4552807
00033668,4110901
00033669,4110903
00033670,4110905
00033671,4110907
00033672,4110909
00033673,4110911
00033674,4687311
00033675,4110915
00033676,4110917
00033677,4110921
00033678,4110925
00033679,4110928
00033680,4699051
00033681,4110936
00033682,4110939
00033683,4110943
00033684,4110947
00033685,4110951
00033686,4110955
00033687,4110959
00033688,4110963
00033689,4110965
00033661,4115761
00033699,4110998
00033698,4110994
00033702,4111010
00033703,4110919
00033704,4110923
00033705,4110926
00033706,4110930
00033707,4552808
00033708,4552809
00033709,4110941
00033710,4110945
00033691,4110972
00033692,4110975
00033693,4110978
00033694,4110982
00033695,4687315
00033696,4552810
00033697,4712206
00033700,4111002
00033714,4110961
00033740,4111035
00033712,4110953
00033713,4110957
00033715,4132420
00033716,4132421
00033717,4110970
00033719,4110976
00033720,4110980
00033721,4699054
00033722,4132424
00033723,4132426
00033724,4110992
00033725,4110996
00033726,4111000
00033727,4111004
00033728,4687316
00033729,4111011
00033730,4111013
00033731,4111015
00033732,4111017
00033733,4115763
00033734,4115764
00033735,4111021
00033736,4111023
00033737,4111025
00033738,4111027
00033739,4132427
00033711,4110949
00033741,4111039
00033760,4111110
00033743,4111047
00033744,4111050
00033745,4552812
00033746,4552813
00033747,4111061
00033748,4115765
00033749,4111068
00033750,4111072
00033751,4111076
00033752,4111079
00033753,4687318
00033754,4111087
00033755,4111091
00033756,4699060
00033757,4111099
00033758,4111103
00033759,4111107
00033742,4111043
00033765,4111030
00033764,4111123
00033767,4111037
00033768,4111041
00033769,4111045
00033770,4132428
00033771,4687317
00033772,4111055
00033773,4111059
00033774,4111063
00033775,4111066
00033776,4111070
00033778,4111078
00033779,4111081
00033780,4111085
00033781,4111089
00033782,4111093
00033783,4111097
00033784,4111101
00033785,4111105
00033786,4115766
00033787,4115767
00033788,4111114
00033789,4111118
00033790,4111121
00033761,4111113
00033762,4111116
00033763,4132432
00033766,4111033
00033791,4111124
00033792,4132433
00033793,4111127
00033794,4111128
00033800,4111139
00033796,4111131
00033797,4111133
00033798,4111135
00033799,4111137
00033795,4111130
00033830,4111149
00033829,4111146
00033802,4132437
00033803,4132438
00033804,4111151
00033805,4111155
00033806,4111159
00033807,4552815
00033808,4111166
00033809,4132439
00033810,4111173
00033811,4111176
00033812,4111180
00033813,4111183
00033814,4111187
00033815,4111191
00033816,4111195
00033817,4111199
00033818,4111202
00033819,4111206
00033820,4111210
00033821,4111213
00033822,4111217
00033823,4111221
00033824,4111224
00033825,4111228
00033826,4115772
00033827,4111140
00033828,4243850
00033801,4111142
00033834,4687319
00033850,4115771
00033832,4111157
00033833,4115769
00033835,4111168
00033836,4111171
00033837,4155365
00033838,4111178
00033839,4132440
00033841,4111189
00033842,4111193
00033843,4111197
00033844,4552816
00033845,4552817
00033847,4115770
00033846,4111208
00033848,4111215
00033849,4111219
00033831,4111153
00033851,4111226
00033880,4115776
00033853,4111232
00033856,4111237
00033857,4111239
00033858,4111241
00033859,4111243
00033860,4111245
00033861,4111247
00033862,4111249
00033863,4111254
00033864,4111258
00033865,4111261
00033866,4111265
00033867,4111269
00033868,4111273
00033869,4111277
00033870,4111281
00033871,4111285
00033872,4132442
00033873,4111291
00033874,4111293
00033875,4111297
00033876,4111301
00033877,4111305
00033878,4132444
00033879,4111311
00033852,4111230
00033897,4111283
00033896,4111279
00033899,4111289
00033900,4115775
00033884,4111330
00033881,4111318
00033882,4111322
00033883,4111326
00033885,4111333
00033886,4111337
00033887,4111340
00033888,4509437
00033889,4111252
00033890,4111256
00033891,4115773
00033892,4111263
00033893,4111267
00033894,4111271
00033895,4111275
00033898,4111287
00033901,4712209
00033930,4699064
00033903,4111303
00033904,4132443
00033905,4111309
00033906,4111313
00033907,4552821
00033908,4111320
00033909,4111324
00033910,4552822
00033911,4132445
00033912,4111335
00033913,4111338
00033914,4111342
00033915,4111344
00033916,4699063
00033917,4111347
00033923,4111358
00033924,4111360
00033925,4111365
00033926,4687324
00033927,4111373
00033928,4111377
00033929,4132448
00033902,4111299
00033931,4111388
00033960,4111399
00033933,4712210
00033934,4111401
00033935,4111405
00033936,4111408
00033937,4132449
00033938,4132450
00033939,4111418
00033940,4111422
00033941,4111426
00033942,4132451
00033943,4243852
00033944,4111435
00033945,4132452
00033947,4111445
00033948,4111449
00033949,4111452
00033950,4111456
00033951,4111363
00033952,4111367
00033953,4111371
00033954,4111375
00033955,4111379
00033956,4111382
00033957,4111386
00033958,4111390
00033959,4111394
00033932,4111392
00033961,4111403
00033980,4111463
00033963,4111410
00033964,4111413
00033965,4111416
00033966,4111420
00033967,4111424
00033968,4111428
00033969,4111430
00033970,4111433
00033971,4111437
00033972,4111440
00033973,4111443
00033974,4699068
00033975,4132453
00033976,4111454
00033977,4111457
00033978,4712211
00033979,4111461
00033962,4111406
00033981,4111465
00034000,4132458
00033983,4111469
00033984,4111471
00033985,4111473
00033986,4111475
00033987,4687330
00033988,4111481
00033989,4111485
00033991,4712212
00033992,4111496
00033993,4111500
00033994,4111503
00033995,4111507
00033997,4111514
00033998,4111518
00033999,4111521
00033982,4111467
00034014,4111479
00034010,4111559
00034012,4111566
00034013,4111477
00034015,4111483
00034016,4111487
00034017,4111490
00034018,4111494
00034019,4111498
00034020,4552829
00034021,4111505
00034022,4115779
00034023,4111512
00034024,4111516
00034025,4111519
00034026,4111523
00034027,4111526
00034028,4111530
00034029,4111534
00034030,4111537
00034001,4111528
00034002,4111532
00034003,4115780
00034004,4115781
00034005,4111541
00034006,4111544
00034007,4111548
00034008,4111552
00034009,4111555
00034011,4111563
00034034,4111550
00034060,4111730
00034032,4111543
00034033,4111546
00034035,4132461
00034036,4111557
00034037,4111561
00034038,4712214
00034039,4111567
00034040,4111569
00034041,4712215
00034042,4111573
00034043,4111574
00034044,4111576
00034045,4111578
00034046,4111580
00034047,4111582
00034048,4111584
00034049,4111589
00034050,4111593
00034051,4111597
00034052,4111701
00034053,4111705
00034054,4111709
00034055,4111713
00034056,4111716
00034057,4111719
00034058,4111723
00034059,4111726
00034031,4111540
00034076,4111591
00034075,4111587
00034078,4111699
00034079,4111703
00034080,4111707
00034061,4111733
00034062,4111737
00034063,4111741
00034064,4111743
00034065,4111746
00034066,4111748
00034067,4111750
00034068,4699072
00034069,4111756
00034070,4712218
00034072,4111768
00034073,4111772
00034074,4111776
00034077,4111595
00034081,4111711
00034100,4111774
00034083,4132464
00034084,4111721
00034085,4111724
00034087,4132466
00034086,4111728
00034088,4111735
00034089,4111739
00034090,4111742
00034091,4111744
00034092,4111747
00034093,4111749
00034094,4111751
00034095,4111754
00034096,4111758
00034097,4111762
00034098,4111766
00034099,4111770
00034082,4115782
00034101,4132472
00034130,4112067
00034103,4111779
00034104,4111781
00034105,4111783
00034106,4111785
00034107,4111787
00034108,4111789
00034109,4111791
00034110,4111793
00034111,4132474
00034112,4112001
00034113,4112004
00034114,4112008
00034115,4112012
00034116,4552835
00034117,4115785
00034118,4552836
00034119,4112026
00034120,4112030
00034121,4112033
00034122,4112036
00034123,4112040
00034124,4112044
00034125,4115787
00034126,4112051
00034127,4112055
00034128,4112059
00034129,4112063
00034102,4111778
00034140,4112006
00034139,4552834
00034141,4112010
00034142,4112014
00034143,4112018
00034145,4112024
00034146,4112028
00034147,4115786
00034148,4112035
00034149,4112038
00034150,4112042
00034151,4112046
00034152,4112049
00034153,4112053
00034154,4112057
00034155,4112061
00034156,4112065
00034157,4112069
00034158,4687334
00034159,4112076
00034160,4112080
00034134,4552838
00034131,4112070
00034132,4112074
00034133,4112078
00034135,4112086
00034136,4112089
00034137,4111796
00034138,4111999
00034144,4112021
00034161,4112084
00034190,4132483
00034163,4112090
00034164,4115790
00034165,4112093
00034166,4112095
00034167,4112097
00034168,4112099
00034169,4112100
00034170,4112102
00034171,4112104
00034172,4112106
00034173,4699073
00034174,4112114
00034175,4112117
00034176,4112120
00034177,4112123
00034178,4112126
00034179,4112127
00034180,4112130
00034181,4112134
00034182,4112138
00034183,4112142
00034184,4112146
00034185,4132482
00034186,4112152
00034187,4112156
00034188,4112160
00034189,4112164
00034162,4112088
00034191,4112170
00034209,4112140
00034193,4112178
00034194,4112182
00034195,4112186
00034196,4112189
00034197,4112192
00034198,4112195
00034199,4112109
00034200,4112112
00034201,4112116
00034202,4112119
00034203,4112122
00034204,4112125
00034206,4112129
00034208,4112136
00034192,4112174
00034211,4112148
00034240,4112231
00034213,4112154
00034214,4112158
00034215,4112162
00034216,4112166
00034217,4112169
00034218,4712221
00034219,4112176
00034220,4112180
00034221,4112184
00034222,4132484
00034223,4112191
00034224,4112194
00034225,4112196
00034226,4112198
00034227,4112200
00034228,4112202
00034229,4112204
00034230,4155369
00034231,4712223
00034232,4243857
00034233,4112210
00034234,4112212
00034235,4112216
00034236,4112219
00034237,4115795
00034238,4112224
00034239,4112228
00034212,4112150
00034243,4112242
00034242,4112238
00034245,4112250
00034246,4112253
00034247,4112256
00034248,4112260
00034249,4112262
00034250,4112266
00034251,4112270
00034252,4112273
00034253,4112277
00034254,4112281
00034255,4112285
00034256,4112289
00034257,4112293
00034258,4112297
00034259,4112402
00034260,4112406
00034241,4112234
00034244,4112246
00034264,4112222
00034290,4112412
00034262,4112217
00034263,4115794
00034265,4112226
00034266,4115796
00034267,4115797
00034268,4699076
00034269,4112240
00034270,4112244
00034271,4112248
00034275,4112261
00034276,4112264
00034277,4112268
00034278,4112272
00034279,4699077
00034280,4687339
00034281,4112283
00034282,4112287
00034283,4112291
00034284,4112295
00034285,4112400
00034286,4112404
00034287,4112407
00034288,4112409
00034289,4112411
00034261,4112214
00034310,4112475
00034309,4112471
00034292,4112416
00034293,4112418
00034294,4132492
00034295,4112420
00034296,4112422
00034297,4112427
00034298,4132493
00034299,4112434
00034300,4112436
00034301,4112440
00034302,4112443
00034303,4112447
00034304,4112451
00034305,4112454
00034306,4112458
00034307,4112462
00034308,4112466
00034291,4112414
00034314,4112489
00034340,4112487
00034312,4112482
00034313,4112485
00034315,4112493
00034316,4112497
00034317,4112501
00034318,4112505
00034319,4155371
00034320,4699078
00034321,4112516
00034322,4115804
00034323,4112425
00034324,4552843
00034325,4112432
00034326,4115801
00034327,4552844
00034328,4112442
00034329,4112445
00034330,4112449
00034334,4112464
00034331,4115803
00034332,4112456
00034333,4112460
00034335,4112468
00034336,4112473
00034337,4112477
00034338,4112480
00034339,4112483
00034311,4112478
00034357,4112535
00034355,4112531
00034359,4687345
00034344,4552845
00034341,4112491
00034342,4112495
00034343,4112499
00034345,4112507
00034346,4112510
00034347,4112514
00034348,4112518
00034349,4112520
00034351,4112524
00034352,4112526
00034353,4112528
00034358,4112537
00034390,4112558
00034389,4112554
00034362,4112552
00034365,4112563
00034366,4112567
00034367,4112570
00034368,4112573
00034370,4112580
00034374,4115811
00034371,4112584
00034372,4112588
00034373,4112591
00034375,4132497
00034376,4112601
00034377,4112604
00034378,4112608
00034379,4112612
00034380,4112616
00034384,4112631
00034381,4112620
00034382,4112624
00034383,4112627
00034385,4112540
00034386,4132496
00034387,4112547
00034388,4712224
00034364,4552846
00034394,4112571
00034410,4112629
00034392,4112565
00034393,4112568
00034395,4115809
00034396,4112578
00034397,4552847
00034398,4112586
00034399,4115810
00034400,4112593
00034404,4112606
00034401,4112596
00034402,4112599
00034403,4132498
00034405,4112610
00034406,4112614
00034407,4112618
00034408,4112622
00034409,4115812
00034391,4112561
00034428,4112675
00034424,4132499
00034430,4112682
00034434,4112694
00034431,4132503
00034432,4132504
00034433,4112690
00034435,4112698
00034436,4552954
00034437,4112705
00034438,4112709
00034439,4112713
00034440,4112715
00034421,4112654
00034422,4112658
00034423,4112661
00034426,4112670
00034427,4112672
00034414,4112638
00034411,4552848
00034412,4112634
00034413,4112636
00034415,4112640
00034416,4112642
00034417,4112644
00034418,4112646
00034419,4243858
00034420,4112649
00034429,4112679
00034453,4115814
00034452,4112668
00034456,4112681
00034457,4112684
00034458,4112687
00034459,4112689
00034460,4112692
00034444,4132507
00034441,4112719
00034442,4112723
00034443,4712228
00034445,4112734
00034446,4112738
00034447,4112652
00034448,4112656
00034449,4115813
00034450,4112663
00034454,4132502
00034451,4112666
00034455,4112677
00034486,4112771
00034485,4112767
00034488,4112777
00034489,4112780
00034490,4112783
00034464,4112707
00034461,4112696
00034462,4115816
00034463,4112703
00034465,4112711
00034466,4112714
00034467,4112717
00034468,4112721
00034469,4112725
00034470,4112729
00034474,4112741
00034471,4112732
00034472,4112736
00034473,4112739
00034475,4112743
00034476,4115817
00034477,4112746
00034478,4112747
00034479,4112749
00034480,4112751
00034484,4112764
00034481,4112753
00034482,4112755
00034483,4112760
00034487,4112774
00034495,4115823
00034493,4115821
00034497,4112807
00034498,4112811
00034499,4132510
00034500,4112818
00034501,4112822
00034502,4112826
00034503,4112829
00034504,4112833
00034505,4112836
00034506,4112839
00034507,4112843
00034508,4687348
00034509,4112758
00034510,4112762
00034494,4112796
00034491,4112787
00034492,4112791
00034496,4112803
00034518,4112789
00034517,4112785
00034520,4115822
00034524,4112809
00034521,4112798
00034522,4112801
00034523,4112805
00034525,4112813
00034526,4112816
00034527,4552956
00034528,4112824
00034529,4132511
00034530,4112831
00034534,4112845
00034531,4112835
00034532,4112838
00034533,4112841
00034535,4112848
00034536,4552957
00034537,4112852
00034538,4112854
00034539,4112856
00034540,4112858
00034511,4155372
00034512,4112769
00034513,4132508
00034514,4155373
00034515,4112779
00034516,4132509
00034519,4112793
00034550,4687349
00034549,4112885
00034552,4112896
00034553,4112900
00034554,4115826
00034555,4112907
00034556,4112911
00034557,4112915
00034558,4132515
00034559,4112922
00034560,4687351
00034564,4112939
00034561,4112930
00034562,4132516
00034563,4699083
00034565,4112943
00034566,4115828
00034567,4112950
00034568,4112953
00034569,4132518
00034570,4112958
00034544,4112866
00034541,4112860
00034542,4112862
00034543,4112864
00034545,4112870
00034546,4112874
00034547,4112878
00034548,4112881
00034551,4112892
00034582,4112909
00034581,4112905
00034584,4112917
00034585,4112920
00034586,4687350
00034587,4112928
00034588,4115827
00034589,4112933
00034590,4112937
00034574,4132513
00034571,4112868
00034572,4112872
00034573,4112876
00034575,4112883
00034579,4112898
00034576,4699082
00034577,4112890
00034578,4112894
00034580,4112902
00034583,4112913
00034615,4113003
00034613,4112996
00034617,4113011
00034618,4115834
00034619,4113017
00034620,4113021
00034594,4115829
00034591,4552961
00034592,4112945
00034593,4112948
00034595,4132517
00034596,4132519
00034597,4112959
00034598,4112961
00034599,4112962
00034600,4112964
00034601,4112966
00034602,4112968
00034603,4112970
00034604,4112972
00034605,4112973
00034606,4687353
00034607,4112979
00034608,4112982
00034609,4112985
00034610,4112988
00034614,4112999
00034611,4132522
00034612,4112993
00034616,4113007
00034624,4113035
00034640,4112998
00034622,4115836
00034623,4113031
00034625,4113038
00034626,4113042
00034627,4113046
00034629,4113050
00034630,4687357
00034631,4243861
00034632,4115842
00034633,4112978
00034634,4112981
00034635,4112984
00034636,4112987
00034637,4115832
00034638,4132523
00034639,4112995
00034621,4113025
00034647,4113023
00034646,4113019
00034649,4113029
00034650,4113033
00034651,4687355
00034652,4113040
00034653,4113044
00034654,4113048
00034655,4115839
00034656,4113052
00034657,4113054
00034658,4113055
00034661,4132527
00034662,4132528
00034663,4113059
00034664,4113060
00034665,4113061
00034666,4113062
00034659,4113057
00034660,4113058
00034667,4113063
00034668,4113064
00034669,4113066
00034670,4113068
00034641,4113001
00034642,4113005
00034643,4113009
00034644,4113013
00034645,4113016
00034648,4113027
00034679,4113085
00034678,4687359
00034684,4113095
00034681,4113089
00034682,4113091
00034683,4113093
00034685,4113097
00034686,4113099
00034687,4115844
00034688,4113102
00034689,4115845
00034690,4113105
00034691,4113107
00034692,4113108
00034693,4113110
00034694,4113112
00034695,4113065
00034696,4113067
00034697,4113069
00034698,4113071
00034699,4113073
00034700,4113074
00034674,4113075
00034671,4113070
00034672,4113072
00034673,4115843
00034675,4687358
00034676,4113079
00034677,4113081
00034680,4113087
00034711,4113096
00034710,4552970
00034713,4113100
00034714,4113101
00034715,4113103
00034716,4712229
00034717,4712230
00034718,4712231
00034719,4113109
00034720,4113111
00034701,4113076
00034702,4113078
00034703,4113080
00034704,4552968
00034705,4552969
00034706,4687360
00034707,4113088
00034708,4113090
00034709,4113092
00034712,4113098
00034743,4113143
00034742,4113141
00034745,4113147
00034749,4113155
00034746,4113149
00034747,4113151
00034748,4113153
00034750,4113157
00034721,4113113
00034722,4132530
00034723,4113114
00034724,4113115
00034725,4113116
00034726,4699086
00034727,4113118
00034728,4113119
00034729,4113120
00034730,4699087
00034734,4113126
00034731,4132531
00034732,4132532
00034733,4113124
00034735,4132534
00034736,4113129
00034737,4113131
00034738,4113133
00034739,4113135
00034740,4699089
00034741,4113139
00034744,4113145
00034751,4113159
00034770,4113144
00034753,4132535
00034754,4132536
00034756,4113166
00034757,4113122
00034758,4699088
00034759,4132533
00034760,4113125
00034764,4113132
00034761,4113127
00034762,4113128
00034763,4113130
00034765,4113134
00034766,4113136
00034767,4113138
00034768,4113140
00034769,4113142
00034752,4113161
00034775,4113154
00034774,4113152
00034777,4113158
00034778,4113160
00034779,4113162
00034780,4113163
00034781,4113164
00034782,4113165
00034783,4113167
00034784,4699090
00034785,4113169
00034786,4699091
00034787,4113171
00034788,4113172
00034789,4699092
00034790,4115846
00034794,4113179
00034791,4113174
00034792,4113175
00034793,4113177
00034795,4113181
00034796,4113183
00034797,4113185
00034798,4113187
00034799,4113189
00034800,4115847
00034771,4113146
00034772,4113148
00034773,4113150
00034776,4113156
00034801,4113192
00034802,4113194
00034803,4113195
00034804,4113197
00034805,4113199
00034806,4113201
00034807,4113203
00034808,4113204
00034809,4113206
00034810,4113208
00034811,4113210
00034812,4113212
00034813,4113214
00034814,4113216
00034815,4113218
00034816,4113220
00034817,4113222
00034818,4712234
00034819,4712232
00034820,4113178
00034824,4113186
00034821,4113180
00034822,4113182
00034823,4113184
00034825,4113188
00034826,4113190
00034827,4113191
00034828,4113193
00034829,4132537
00034830,4113196
00034841,4113217
00034844,4113223
00034843,4113221
00034845,4113225
00034846,4113226
00034848,4113228
00034849,4113229
00034850,4132539
00034831,4712233
00034832,4699093
00034833,4113202
00034834,4132538
00034835,4113205
00034836,4113207
00034837,4113209
00034838,4113211
00034839,4113213
00034840,4113215
00034842,4113219
00034875,4113272
00034874,4113270
00034877,4113276
00034878,4113278
00034879,4113280
00034880,4113282
00034851,4113230
00034852,4113231
00034853,4113232
00034854,4113233
00034855,4113235
00034856,4113237
00034857,4113238
00034858,4113240
00034859,4687363
00034860,4113244
00034861,4113246
00034862,4113248
00034863,4113250
00034864,4113252
00034865,4113254
00034869,4113262
00034866,4113256
00034867,4113258
00034868,4699094
00034870,4115848
00034871,4113265
00034872,4113267
00034873,4113269
00034876,4113274
00034881,4113234
00034900,4552974
00034883,4687362
00034884,4113239
00034885,4113241
00034886,4113243
00034887,4113245
00034888,4113247
00034889,4113249
00034890,4552973
00034891,4113253
00034892,4113255
00034893,4113257
00034894,4113259
00034895,4113261
00034896,4113263
00034897,4113264
00034898,4113266
00034899,4113268
00034882,4113236
00034903,4113275
00034902,4113273
00034905,4113279
00034906,4113281
00034907,4113283
00034908,4687364
00034910,4113285
00034914,4113289
00034911,4113286
00034912,4113287
00034913,4113288
00034915,4113290
00034916,4699095
00034917,4113293
00034918,4113295
00034919,4113297
00034920,4113299
00034901,4113271
00034904,4113277
00034942,4113332
00034934,4113317
00034944,4113294
00034945,4113296
00034946,4113298
00034947,4113300
00034949,4132541
00034950,4132542
00034935,4113319
00034936,4113321
00034937,4113323
00034938,4113325
00034939,4115853
00034940,4113328
00034941,4113330
00034921,4113301
00034922,4712235
00034923,4699096
00034924,4552976
00034925,4113306
00034929,4115852
00034926,4115850
00034927,4113308
00034928,4115851
00034930,4113310
00034931,4687367
00034932,4113313
00034933,4113315
00034943,4113292
00034967,4113329
00034966,4712236
00034969,4115854
00034970,4113333
00034971,4113334
00034972,4113335
00034973,4113336
00034974,4132547
00034975,4132548
00034977,4113338
00034978,4113339
00034979,4552977
00034980,4113343
00034951,4113305
00034952,4699097
00034953,4687366
00034954,4132544
00034955,4113309
00034956,4132545
00034957,4113311
00034958,4132546
00034959,4113314
00034960,4113316
00034961,4113318
00034962,4113320
00034963,4113322
00034965,4113326
00034968,4113331
00034981,4113345
00034994,4110887
00034983,4687369
00034984,4113351
00034985,4113353
00034986,4699098
00034987,4113357
00034988,4113359
00034990,4113363
00034998,4113371
00034995,4113365
00034996,4113367
00034997,4113369
00034999,4113373
00035000,4113375
00034991,4110878
00034992,4110881
00034993,4110883
00034982,4687368
00035015,4113360
00035001,4113380
00035017,4113364
00035018,4699099
00035019,4113368
00035020,4113370
00035021,4113372
00035022,4113374
00035023,4113376
00035024,4687370
00035025,4243951
00035026,4113378
00035027,4552979
00035028,4115855
00035029,4113381
00035030,4113382
00035002,4115856
00035003,4132549
00035005,4113340
00035006,4552978
00035007,4113344
00035008,4113346
00035009,4113348
00035010,4113350
00035011,4113352
00035012,4113354
00035013,4113356
00035014,4113358
00035004,4113383
00035016,4113362
00035048,4113407
00035047,4113405
00035050,4113409
00035034,4113386
00035031,4113384
00035032,4113385
00035035,4113387
00035036,4113388
00035037,4113389
00035038,4113390
00035039,4113391
00035040,4552981
00035041,4113394
00035042,4552982
00035043,4115857
00035044,4113399
00035045,4113401
00035046,4113403
00035049,4115859
00035051,4113411
00035070,4113398
00035053,4113415
00035054,4113417
00035055,4113419
00035056,4113420
00035057,4552983
00035058,4113423
00035059,4113425
00035060,4113427
00035061,4113428
00035062,4113429
00035063,4113430
00035064,4113432
00035065,4113434
00035066,4113436
00035067,4113393
00035068,4113395
00035069,4113397
00035052,4113413
00035079,4113414
00035078,4687371
00035081,4113418
00035083,4113421
00035084,4113422
00035085,4113424
00035086,4113426
00035087,4132550
00035088,4132551
00035090,4113431
00035071,4113400
00035072,4113402
00035073,4113404
00035074,4113406
00035075,4115858
00035076,4113408
00035077,4113410
00035080,4113416
00035116,4155377
00035115,4155376
00035118,4113470
00035119,4552986
00035120,4687374
00035091,4113433
00035092,4113435
00035093,4113437
00035095,4687373
00035096,4113438
00035097,4113439
00035098,4113440
00035099,4113441
00035100,4132553
00035101,4113442
00035102,4113443
00035103,4113445
00035104,4113447
00035105,4113449
00035106,4113451
00035107,4113453
00035108,4113455
00035109,4113457
00035110,4113458
00035114,4113464
00035111,4155375
00035112,4113461
00035117,4113468
00035121,4113476
00035140,4113463
00035123,4115862
00035124,4113481
00035125,4552987
00035126,4113485
00035127,4113487
00035128,4113489
00035129,4699102
00035130,4113446
00035131,4712237
00035132,4113450
00035133,4113452
00035134,4113454
00035135,4113456
00035136,4115861
00035137,4113459
00035138,4113460
00035139,4113462
00035122,4113478
00035147,4113475
00035146,4113473
00035150,4113480
00035151,4113482
00035152,4113484
00035153,4113486
00035154,4113488
00035155,4113490
00035156,4113491
00035157,4113492
00035158,4113493
00035159,4113494
00035160,4113495
00035141,4113465
00035142,4113466
00035143,4699103
00035144,4113469
00035145,4113471
00035149,4113479
00035148,4113477
00035180,4712238
00035179,4113621
00035182,4113627
00035183,4113629
00035184,4113631
00035185,4132562
00035186,4113633
00035187,4113634
00035188,4113635
00035189,4113636
00035190,4113638
00035161,4113496
00035162,4113497
00035163,4113498
00035164,4113499
00035165,4113601
00035166,4113602
00035167,4113603
00035168,4113605
00035169,4113606
00035170,4699104
00035174,4113613
00035171,4132558
00035172,4132559
00035173,4113611
00035175,4552988
00035176,4113615
00035177,4113617
00035178,4113619
00035181,4113625
00035212,4132563
00035211,4113632
00035214,4132565
00035215,4132566
00035216,4113637
00035217,4132567
00035218,4113639
00035219,4113640
00035220,4113641
00035191,4113600
00035192,4132554
00035193,4132555
00035194,4113604
00035195,4132556
00035196,4132557
00035197,4113608
00035198,4113609
00035199,4113610
00035200,4113612
00035201,4132560
00035202,4113614
00035203,4113616
00035204,4113618
00035205,4699105
00035209,4552989
00035206,4113622
00035207,4113624
00035208,4113626
00035210,4113630
00035213,4132564
00035221,4113642
00035240,4132570
00035223,4552990
00035224,4113645
00035225,4113646
00035226,4113647
00035227,4113649
00035228,4113650
00035229,4113652
00035230,4113654
00035231,4115864
00035232,4113657
00035233,4132569
00035234,4113659
00035235,4113661
00035236,4699106
00035237,4113665
00035238,4113667
00035239,4155378
00035222,4113643
00035245,4699108
00035244,4113676
00035247,4113682
00035248,4113684
00035249,4113686
00035250,4113688
00035254,4115863
00035251,4113689
00035252,4113691
00035253,4113648
00035255,4712239
00035256,4113653
00035257,4113655
00035258,4113656
00035259,4132568
00035260,4113658
00035241,4699107
00035242,4113673
00035243,4113675
00035246,4113680
00035277,4132572
00035276,4113687
00035279,4113693
00035280,4132574
00035284,4552993
00035281,4113694
00035282,4113695
00035283,4113696
00035285,4113698
00035286,4113700
00035287,4552995
00035288,4115866
00035289,4113704
00035290,4113706
00035261,4113660
00035262,4113662
00035263,4113664
00035264,4113666
00035265,4113668
00035266,4113669
00035267,4113670
00035268,4113672
00035269,4113674
00035270,4132571
00035271,4113677
00035272,4113679
00035273,4113681
00035274,4113683
00035275,4113685
00035278,4113690
00035291,4113709
00035310,4113749
00035293,4113714
00035294,4113717
00035295,4132584
00035296,4699109
00035297,4712241
00035298,4113724
00035299,4113726
00035300,4113729
00035301,4113731
00035302,4113734
00035303,4113736
00035304,4113737
00035305,4113739
00035306,4113741
00035307,4113743
00035308,4113745
00035309,4113747
00035292,4113712
00035324,4113725
00035323,4699110
00035326,4113730
00035327,4113732
00035328,4113735
00035329,4132595
00035330,4113738
00035311,4113751
00035312,4113752
00035313,4113754
00035314,4113756
00035315,4113705
00035316,4113707
00035317,4113710
00035318,4113713
00035319,4113715
00035320,4115867
00035321,4115868
00035322,4113720
00035325,4113727
00035331,4113740
00035350,4113763
00035333,4113744
00035334,4113746
00035335,4113748
00035336,4113750
00035338,4113753
00035339,4113755
00035340,4115871
00035341,4132618
00035342,4113757
00035343,4113758
00035344,4553002
00035345,4115872
00035346,4113760
00035347,4113761
00035348,4113762
00035349,4115873
00035332,4113742
00035363,4113785
00035355,4113771
00035365,4113788
00035366,4115874
00035367,4113791
00035368,4553005
00035369,4113795
00035370,4113797
00035371,4113799
00035372,4113801
00035373,4113803
00035374,4113805
00035375,4712242
00035376,4113811
00035377,4113765
00035378,4113766
00035379,4113768
00035380,4113770
00035356,4113773
00035357,4113775
00035358,4113777
00035359,4113778
00035360,4113779
00035361,4113781
00035362,4113783
00035351,4113764
00035352,4243867
00035353,4113767
00035354,4113769
00035364,4113786
00035388,4113784
00035387,4113782
00035390,4113787
00035391,4113789
00035392,4113790
00035393,4113792
00035394,4113794
00035395,4113796
00035396,4113798
00035397,4113800
00035398,4113802
00035399,4113804
00035400,4113807
00035381,4113772
00035382,4113774
00035383,4113776
00035384,4132638
00035385,4155379
00035386,4113780
00035389,4687376
00035420,4113843
00035418,4687382
00035422,4115884
00035423,4113850
00035424,4113852
00035425,4113856
00035426,4113859
00035427,4113862
00035428,4712244
00035429,4113867
00035430,4113869
00035404,4113816
00035401,4113810
00035402,4113812
00035403,4113814
00035405,4113818
00035406,4115876
00035407,4113820
00035408,4155380
00035409,4113823
00035410,4115879
00035411,4132667
00035412,4113825
00035413,4113826
00035414,4699111
00035415,4113831
00035419,4687383
00035416,4113834
00035417,4113836
00035421,4113845
00035431,4113872
00035450,4113854
00035433,4132674
00035434,4132675
00035435,4113881
00035436,4113884
00035437,4113887
00035438,4113890
00035439,4113827
00035440,4113830
00035441,4113832
00035442,4113835
00035443,4113837
00035444,4113840
00035445,4113842
00035446,4553016
00035447,4113846
00035448,4113848
00035449,4113851
00035432,4115888
00035451,4113858
00035452,4553022
00035480,4113922
00035479,4113920
00035477,4113915
00035476,4113913
00035475,4113910
00035474,4113909
00035473,4113908
00035472,4113906
00035471,4113904
00035470,4113902
00035469,4113900
00035468,4113898
00035467,4113897
00035466,4712248
00035465,4115893
00035463,4687386
00035462,4115891
00035461,4115890
00035453,4113863
00035454,4113866
00035455,4132672
00035456,4113870
00035457,4113873
00035458,4113876
00035459,4712246
00035464,4113892
00035491,4113943
00035500,4113959
00035488,4113937
00035487,4113935
00035486,4113933
00035485,4132677
00035483,4113928
00035482,4113926
00035481,4113924
00035484,4553042
00035499,4113957
00035498,4113955
00035497,4113953
00035496,4113951
00035495,4113949
00035494,4113947
00035493,4113946
00035492,4113944
00035489,4113939
00035518,4113945
00035519,4155381
00035520,4113948
00035521,4113950
00035522,4113952
00035523,4113954
00035524,4113956
00035525,4113958
00035526,4132678
00035527,4113960
00035528,4113961
00035529,4699113
00035530,4553043
00035501,4113911
00035502,4115895
00035503,4712250
00035504,4113918
00035505,4113921
00035506,4113923
00035507,4113925
00035508,4113927
00035509,4113929
00035510,4113931
00035511,4113932
00035512,4113934
00035513,4113936
00035514,4712251
00035515,4113940
00035516,4113942
00035517,4115897
00035540,4113976
00035541,4113978
00035538,4113972
00035537,4113970
00035536,4113969
00035535,4113968
00035534,4113967
00035533,4113966
00035532,4113965
00035531,4113964
00035550,4113994
00035549,4553045
00035548,4113990
00035547,4115898
00035546,4113987
00035545,4113985
00035544,4113983
00035542,4113980
00035539,4113974
00035570,4113984
00035571,4113986
00035572,4113988
00035573,4113989
00035574,4113991
00035575,4113993
00035576,4113995
00035577,4113997
00035578,4113999
00035579,4114001
00035569,4113982
00035568,4113981
00035567,4113979
00035566,4113977
00035565,4113975
00035564,4113973
00035563,4113971
00035562,4114016
00035561,4114014
00035560,4114012
00035559,4114010
00035558,4114008
00035557,4114007
00035580,4114003
00035555,4114004
00035554,4114002
00035553,4114000
00035552,4113998
00035551,4113996
00035556,4114006
00035581,4114005
00035582,4132679
00035583,4132680
00035584,4687388
00035585,4114011
00035586,4114013
00035587,4114015
00035588,4114017
00035589,4114018
00035590,4114019
00035591,4114020
00035592,4114021
00035593,4114022
00035594,4114023
00035595,4132681
00035596,4114024
00035597,4114025
00035598,4114026
00035599,4114027
00035600,4114029
00035607,4114041
00035608,4114043
00035609,4114044
00035610,4114046
00035611,4114048
00035612,4114049
00035613,4114051
00035614,4114053
00035615,4712252
00035616,4114056
00035617,4114058
00035618,4114060
00035619,4115900
00035620,4114062
00035621,4114064
00035622,4114066
00035623,4114068
00035624,4114070
00035625,4114028
00035626,4114030
00035627,4132682
00035628,4132683
00035629,4553046
00035630,4114036
00035604,4114035
00035601,4114031
00035602,4114032
00035603,4114033
00035605,4687389
00035606,4114039
00035645,4115901
00035646,4114063
00035647,4114065
00035648,4114067
00035649,4114069
00035650,4114071
00035631,4114038
00035632,4553047
00035633,4553048
00035634,4132684
00035635,4114045
00035639,4553049
00035636,4114047
00035637,4132685
00035640,4115899
00035641,4114055
00035642,4114057
00035643,4114059
00035644,4114061
00035677,4114211
00035678,4114213
00035679,4114215
00035680,4114217
00035651,4114072
00035652,4114073
00035653,4114074
00035654,4114075
00035655,4114076
00035656,4114077
00035657,4114078
00035658,4114079
00035659,4114080
00035660,4114081
00035661,4114082
00035662,4132686
00035663,4114085
00035664,4114087
00035665,4114089
00035669,4114096
00035666,4115902
00035667,4114092
00035668,4114094
00035670,4114098
00035671,4114200
00035672,4114202
00035673,4114204
00035674,4114206
00035675,4114208
00035676,4114209
00035709,4114224
00035710,4114226
00035681,4553050
00035682,4114221
00035683,4687391
00035684,4114225
00035685,4114227
00035686,4114229
00035687,4114083
00035688,4114084
00035689,4114086
00035691,4114090
00035692,4114091
00035693,4114093
00035694,4114095
00035695,4114097
00035699,4114205
00035696,4114099
00035697,4114201
00035698,4114203
00035700,4114207
00035701,4132687
00035702,4114210
00035703,4114212
00035704,4114214
00035705,4114216
00035706,4114218
00035707,4114220
00035708,4114222
00035711,4114228
00035712,4114230
00035713,4114231
00035714,4114232
00035715,4114233
00035716,4114234
00035717,4132688
00035718,4114235
00035719,4114236
00035720,4114237
00035721,4114238
00035722,4114239
00035723,4114240
00035724,4114242
00035725,4114244
00035726,4114246
00035727,4114248
00035728,4553051
00035729,4115903
00035730,4114253
00035731,4115904
00035732,4114256
00035733,4114258
00035734,4114260
00035735,4553052
00035736,4114264
00035737,4114265
00035738,4114267
00035739,4114269
00035740,4114271
00035741,4699114
00035742,4114275
00035743,4114277
00035744,4114279
00035745,4114281
00035746,4114282
00035748,4114284
00035749,4114241
00035750,4114243
00035751,4114245
00035752,4114247
00035753,4114249
00035754,4114251
00035755,4114252
00035756,4114254
00035757,4114255
00035758,4114257
00035759,4114259
00035760,4114261
00035772,4114283
00035773,4553054
00035774,4114285
00035775,4114286
00035776,4114287
00035777,4553055
00035778,4114289
00035779,4687393
00035780,4687394
00035761,4114263
00035762,4115905
00035763,4114266
00035764,4553053
00035765,4114270
00035766,4712253
00035767,4712254
00035768,4114276
00035769,4114278
00035770,4114280
00035771,4115906
00035806,4114334
00035807,4115908
00035808,4114337
00035809,4114339
00035810,4114341
00035781,4699115
00035782,4114291
00035783,4115907
00035785,4132691
00035786,4114294
00035787,4114296
00035788,4114298
00035789,4114300
00035790,4114302
00035791,4114304
00035792,4114306
00035793,4114308
00035794,4114310
00035795,4114312
00035796,4114314
00035797,4553057
00035798,4114318
00035799,4114320
00035801,4553058
00035802,4114326
00035803,4114328
00035804,4114330
00035805,4114332
00035811,4114293
00035812,4114295
00035813,4114297
00035814,4553056
00035815,4114301
00035816,4114303
00035817,4114305
00035818,4114307
00035819,4114309
00035820,4114311
00035821,4114313
00035822,4114315
00035823,4114317
00035824,4114319
00035825,4114321
00035826,4114323
00035827,4114325
00035828,4687395
00035829,4114329
00035860,4114376
00035840,4114346
00035841,4114347
00035842,4712255
00035843,4553059
00035844,4114350
00035845,4114351
00035846,4114352
00035847,4132692
00035848,4114354
00035849,4114356
00035850,4114358
00035851,4114360
00035852,4114362
00035854,4114365
00035855,4114366
00035856,4114368
00035857,4114370
00035858,4114372
00035859,4114374
00035831,4114333
00035832,4114335
00035833,4114336
00035835,4114340
00035836,4114342
00035837,4114343
00035838,4114344
00035839,4114345
00035863,4114378
00035864,4155383
00035865,4114381
00035866,4114383
00035867,4114385
00035868,4132694
00035869,4699117
00035870,4687396
00035871,4687397
00035872,4114395
00035873,4114353
00035874,4114355
00035875,4114357
00035876,4114359
00035877,4114361
00035878,4114363
00035879,4132693
00035880,4115909
00035861,4110466
00035862,4110467
00035881,4114367
00035882,4114369
00035883,4114371
00035884,4114373
00035885,4114375
00035886,4114377
00035887,4114379
00035888,4114380
00035889,4114382
00035890,4114384
00035891,4114386
00035892,4114387
00035893,4114389
00035894,4114391
00035895,4114392
00035896,4132695
00035897,4553060
00035898,4114396
00035899,4114397
00035900,4114398
00035901,4114399
00035902,4114400
00035903,4114401
00035904,4114402
00035905,4115910
00035906,4114403
00035907,4114404
00035908,4114405
00035909,4114406
00035910,4114408
00035911,4699118
00035912,4114411
00035913,4115912
00035914,4114414
00035915,4114416
00035916,4114418
00035917,4114420
00035918,4115913
00035919,4114422
00035920,4114424
00035921,4114426
00035922,4114428
00035923,4553061
00035924,4114432
00035925,4114434
00035926,4114435
00035927,4114437
00035928,4114439
00035929,4114440
00035930,4114442
00035931,4114444
00035932,4114446
00035933,4115915
00035934,4114449
00035935,4114407
00035936,4115911
00035937,4114410
00035938,4114412
00035939,4114413
00035940,4114415
00035941,4114417
00035942,4114419
00035943,4699119
00035944,4687398
00035945,4114423
00035946,4114425
00035947,4114427
00035948,4114429
00035949,4114431
00035950,4114433
00035972,4553063
00035973,4553064
00035974,4114466
00035975,4114468
00035976,4750677
00035977,4114471
00035978,4114473
00035979,4114475
00035980,4132697
00035951,4132696
00035952,4114436
00035953,4114438
00035954,4115914
00035955,4114441
00035956,4114443
00035957,4712256
00035958,4114447
00035959,4114448
00035960,4114450
00035961,4114451
00035962,4114452
00035963,4553062
00035964,4114454
00035965,4114455
00035966,4114456
00035967,4114457
00035968,4114458
00035969,4114459
00035970,4114460
00035981,4114477
00035982,4115918
00035983,4114480
00035984,4114482
00035985,4712257
00035986,4114486
00035987,4132698
00035988,4114489
00035989,4114491
00035990,4114493
00035991,4114495
00035992,4553065
00035993,4114499
00035994,4243955
00035995,4132699
00035996,4114503
00035997,4114461
00035998,4114463
00035999,4114465
00036000,4114467
00036001,4114469
00036002,4115916
00036003,4114472
00036004,4114474
00036005,4115917
00036006,4114476
00036007,4114478
00036008,4114479
00036009,4114481
00036010,4114483
00036011,4114485
00036012,4114487
00036013,4114488
00036014,4114490
00036015,4114492
00036016,4114494
00036017,4114496
00036018,4114498
00036019,4114500
00036020,4114501
00036036,4114521
00036037,4114523
00036038,4114524
00036043,4114531
00036044,4114533
00036045,4553067
00036047,4114537
00036048,4132703
00036049,4114540
00036050,4114542
00036021,4114502
00036022,4114504
00036023,4114505
00036024,4114506
00036025,4114507
00036029,4114511
00036026,4553066
00036027,4114509
00036028,4114510
00036030,4114512
00036031,4114513
00036032,4114514
00036033,4114515
00036034,4114517
00036035,4114519
00036051,4114544
00036052,4114546
00036053,4114548
00036054,4114550
00036055,4114552
00036056,4114554
00036057,4114556
00036058,4132704
00036059,4114516
00036060,4114518
00036061,4114520
00036062,4114522
00036063,4132700
00036064,4155384
00036065,4114525
00036066,4114526
00036067,4114528
00036068,4114530
00036069,4114532
00036070,4114534
00036071,4114536
00036072,4115919
00036073,4114538
00036074,4114539
00036075,4114541
00036076,4114543
00036077,4114545
00036078,4114547
00036079,4114549
00036080,4114551
00036099,4114577
00036100,4114579
00036101,4114581
00036102,4114583
00036103,4114585
00036104,4720087
00036106,4115921
00036107,4115922
00036108,4699122
00036109,4115923
00036081,4114553
00036082,4114555
00036083,4114557
00036084,4114558
00036085,4114559
00036086,4114560
00036087,4114561
00036088,4114562
00036089,4114563
00036091,4114565
00036090,4699120
00036092,4114566
00036093,4114567
00036094,4114568
00036095,4114569
00036096,4114571
00036097,4114573
00036098,4114575
00036112,4114598
00036115,4115924
00036117,4114606
00036118,4114607
00036119,4114609
00036120,4687404
00036121,4114570
00036122,4114572
00036123,4114574
00036124,4114576
00036125,4114578
00036126,4114580
00036127,4114582
00036128,4114584
00036129,4114586
00036130,4114587
00036132,4114590
00036133,4114591
00036134,4114592
00036135,4114593
00036136,4114595
00036137,4114597
00036138,4114599
00036139,4114601
00036140,4114603
00036141,4687402
00036142,4132706
00036143,4115925
00036144,4687403
00036145,4114610
00036146,4114612
00036147,4115926
00036148,4114613
00036149,4114614
00036150,4114615
00036131,4114589
00036151,4114616
00036152,4132707
00036153,4114617
00036154,4114618
00036155,4114619
00036156,4114620
00036158,4132708
00036159,4114622
00036160,4114624
00036199,4114649
00036200,4114651
00036166,4114635
00036167,4114637
00036168,4114639
00036169,4114641
00036170,4114643
00036171,4114645
00036172,4114646
00036173,4114648
00036174,4114650
00036175,4114652
00036176,4114654
00036177,4114656
00036178,4114658
00036179,4114659
00036180,4114661
00036181,4114663
00036182,4553068
00036183,4114621
00036184,4687405
00036185,4114623
00036186,4114625
00036187,4114627
00036188,4132710
00036189,4114630
00036190,4114632
00036191,4114634
00036192,4114636
00036193,4114638
00036194,4114640
00036195,4114642
00036196,4114644
00036197,4115928
00036198,4114647
00036161,4114626
00036162,4114628
00036163,4114629
00036164,4114631
00036201,4114653
00036202,4114655
00036203,4114657
00036204,4132711
00036205,4114660
00036206,4114662
00036207,4114664
00036208,4114666
00036209,4114667
00036210,4132712
00036211,4114668
00036212,4114669
00036213,4114670
00036214,4114671
00036215,4114672
00036216,4114673
00036217,4114674
00036218,4114675
00036219,4114676
00036220,4114678
00036221,4114679
00036222,4114681
00036223,4115929
00036224,4114684
00036225,4687406
00036226,4114688
00036227,4114690
00036228,4132715
00036229,4114692
00036230,4114694
00036231,4114696
00036232,4114698
00036233,4114700
00036234,4114702
00036235,4114704
00036239,4114711
00036236,4114706
00036237,4114708
00036238,4114709
00036240,4114713
00036260,4114703
00036241,4114715
00036242,4114717
00036243,4114719
00036244,4553069
00036245,4699123
00036246,4132713
00036247,4114680
00036248,4114682
00036249,4114683
00036250,4114685
00036251,4114687
00036252,4114689
00036253,4132714
00036254,4114691
00036255,4114693
00036256,4114695
00036257,4687407
00036258,4687408
00036259,4114701
00036261,4114705
00036262,4114707
00036263,4132716
00036264,4114710
00036265,4114712
00036266,4114714
00036267,4114716
00036268,4114718
00036269,4114720
00036270,4114722
00036271,4114723
00036272,4114724
00036273,4114725
00036274,4114726
00036275,4114727
00036276,4114728
00036277,4114729
00036278,4114730
00036279,4114731
00036280,4114732
00036292,4114755
00036294,4114757
00036295,4114759
00036296,4132719
00036297,4114761
00036298,4114763
00036299,4114765
00036300,4114767
00036301,4114769
00036302,4114770
00036303,4114772
00036304,4114774
00036305,4114776
00036306,4699124
00036307,4114734
00036308,4114736
00036309,4114738
00036310,4114740
00036281,4114733
00036282,4114735
00036283,4114737
00036284,4114739
00036285,4553070
00036286,4114743
00036287,4114745
00036288,4114747
00036289,4114749
00036290,4114751
00036291,4114753
00036325,4114766
00036326,4114768
00036327,4132720
00036328,4114771
00036329,4114773
00036330,4114775
00036311,4114742
00036312,4114744
00036313,4114746
00036314,4114748
00036315,4114750
00036316,4114752
00036317,4114754
00036318,4114756
00036319,4132717
00036320,4114758
00036321,4132718
00036322,4114760
00036323,4114762
00036324,4114764
00036331,4155385
00036332,4114778
00036333,4114779
00036334,4155386
00036335,4114780
00036336,4114781
00036337,4114782
00036338,4114783
00036339,4114784
00036340,4114785
00036341,4114786
00036342,4114787
00036343,4114788
00036344,4114790
00036345,4115930
00036346,4114793
00036347,4114795
00036348,4114797
00036349,4114799
00036350,4132721
00036357,4114813
00036358,4114815
00036359,4132722
00036360,4114818
00036361,4114820
00036362,4114822
00036363,4114824
00036364,4114826
00036365,4114828
00036366,4114830
00036367,4132723
00036368,4114833
00036369,4114789
00036370,4114791
00036351,4114802
00036352,4114804
00036353,4114805
00036354,4114807
00036355,4114809
00036356,4114811
00036389,4114825
00036390,4687409
00036391,4114829
00036392,4114831
00036393,4114832
00036394,4114834
00036395,4114835
00036396,4114836
00036397,4114837
00036398,4712258
00036399,4114838
00036400,4114839
00036401,4114840
00036402,4114841
00036403,4712259
00036404,4114843
00036405,4114844
00036406,4115932
00036407,4115933
00036408,4553072
00036409,4114849
00036410,4114851
00036371,4114792
00036372,4114794
00036373,4114796
00036374,4114798
00036375,4114800
00036376,4114801
00036377,4114803
00036378,4115931
00036379,4114806
00036380,4114808
00036381,4114810
00036382,4114812
00036383,4114814
00036384,4114816
00036385,4114817
00036386,4114819
00036387,4114821
00036388,4114823
00036411,4114853
00036412,4114855
00036413,4114857
00036414,4114859
00036415,4114861
00036416,4114863
00036417,4114865
00036418,4114867
00036419,4114869
00036420,4115935
00036421,4114872
00036422,4114874
00036423,4114876
00036424,4114878
00036425,4114880
00036426,4114882
00036427,4114884
00036428,4699126
00036429,4114887
00036430,4114889
00036443,4114866
00036444,4114868
00036445,4114870
00036446,4114871
00036447,4114873
00036448,4114875
00036450,4114879
00036431,4114845
00036432,4114846
00036433,4115934
00036434,4114848
00036435,4114850
00036436,4114852
00036437,4114854
00036438,4114856
00036439,4114858
00036440,4114860
00036441,4114862
00036442,4114864
00036489,4114935
00036490,4114937
00036451,4114881
00036452,4114883
00036453,4699125
00036454,4114886
00036455,4553073
00036456,4114890
00036457,4114891
00036458,4114892
00036459,4553074
00036460,4114894
00036461,4114895
00036462,4114896
00036463,4114897
00036464,4618026
00036467,4553075
00036469,4115936
00036470,4132724
00036471,4114904
00036472,4114906
00036474,4114909
00036475,4114911
00036477,4132726
00036478,4114915
00036479,4114917
00036480,4114919
00036481,4114921
00036482,4114923
00036483,4712260
00036484,4712261
00036485,4114929
00036486,4115937
00036487,4687412
00036488,4114933
00036491,4687413
00036492,4114941
00036493,4243956
00036494,4243957
00036495,4243958
00036496,4114903
00036497,4114905
00036498,4114907
00036499,4114908
00036500,4114910
00036501,4114912
00036502,4114913
00036503,4114914
00036504,4114916
00036505,4114918
00036506,4687411
00036507,4114922
00036508,4114924
00036509,4114926
00036510,4712262
00036511,4114930
00036512,4114931
00036513,4699127
00036514,4114934
00036515,4114936
00036516,4114938
00036517,4114940
00036518,4114942
00036519,4114943
00036520,4114944
00036539,4114970
00036540,4114972
00036521,4114945
00036522,4114946
00036523,4132727
00036524,4114947
00036525,4114948
00036526,4114949
00036527,4114950
00036528,4114951
00036529,4114952
00036530,4114954
00036531,4712263
00036532,4114958
00036533,4114960
00036534,4132728
00036535,4115938
00036536,4114964
00036537,4114966
00036541,4114974
00036542,4114976
00036543,4114978
00036544,4114980
00036545,4114982
00036546,4114983
00036547,4114985
00036548,4114986
00036549,4114988
00036550,4114990
00036551,4687415
00036552,4114994
00036553,4114995
00036554,4114997
00036555,4114953
00036556,4114955
00036557,4114957
00036558,4114959
00036559,4114961
00036560,4114962
00036561,4114963
00036562,4114965
00036563,4114967
00036564,4114969
00036565,4114971
00036566,4114973
00036567,4687414
00036568,4114977
00036569,4114979
00036570,4114981
00036571,4115939
00036572,4114984
00036573,4115940
00036574,4114987
00036575,4114989
00036576,4114991
00036577,4114993
00036578,4115941
00036579,4114996
00036580,4114998
00036597,4115118
00036598,4115119
00036599,4115120
00036600,4115121
00036581,4114999
00036582,4115100
00036583,4115101
00036584,4115102
00036585,4115103
00036586,4115104
00036587,4115105
00036588,4115106
00036589,4115107
00036591,4115109
00036592,4115111
00036593,4553078
00036594,4115114
00036595,4115116
00036596,4115117
00036601,4115122
00036602,4553079
00036603,4115124
00036604,4712264
00036605,4115126
00036606,4115127
00036607,4115128
00036608,4115129
00036609,4115130
00036610,4115131
00036611,4115132
00036612,4115133
00036613,4115134
00036614,4687416
00036615,4115136
00036616,4115137
00036617,4553077
00036618,4115112
00036619,4132729
00036620,4115115
00036621,4132730
00036622,4132731
00036623,4132732
00036624,4132733
00036625,4132734
00036626,4132735
00036627,4132736
00036629,4132738
00036630,4243756
00036631,4132739
00036632,4132740
00036633,4243757
00036634,4132741
00036635,4132742
00036636,4243758
00036637,4132917
00036638,4132918
00036639,4132743
00036640,4132744
00036667,4132775
00036670,4132780
00036641,4132745
00036642,4132746
00036643,4132747
00036644,4132748
00036646,4132750
00036647,4132751
00036649,4243759
00036650,4132753
00036651,4132754
00036652,4132755
00036653,4132756
00036654,4132919
00036655,4132758
00036656,4132759
00036657,4132760
00036658,4132762
00036659,4243762
00036660,4132765
00036661,4132766
00036663,4243764
00036664,4243765
00036665,4243942
00036666,4132773
00036671,4132782
00036672,4132784
00036673,4132786
00036674,4132788
00036678,4243766
00036679,4132757
00036680,4132920
00036681,4243760
00036682,4243761
00036683,4132761
00036684,4132763
00036685,4132764
00036686,4243763
00036687,4132767
00036688,4132769
00036689,4132770
00036690,4132771
00036721,4243770
00036723,4132816
00036724,4132818
00036726,4132821
00036729,4132826
00036730,4132828
00036692,4132774
00036693,4132776
00036694,4132777
00036696,4132781
00036697,4132783
00036698,4132785
00036699,4132787
00036700,4132789
00036701,4132791
00036702,4132793
00036703,4132795
00036704,4132796
00036706,4243767
00036707,4132798
00036708,4132799
00036709,4132800
00036710,4132801
00036712,4132803
00036713,4243943
00036714,4132804
00036715,4132805
00036716,4132806
00036717,4132808
00036718,4132810
00036719,4132812
00036720,4243769
00036736,4243775
00036737,4132838
00036738,4132839
00036739,4243777
00036741,4243872
00036742,4132807
00036743,4132809
00036744,4132811
00036745,4243768
00036748,4243944
00036751,4243771
00036752,4132822
00036753,4132824
00036754,4243772
00036755,4132827
00036756,4132829
00036731,4553080
00036732,4243774
00036733,4132832
00036734,4132834
00036757,4243773
00036758,4132831
00036759,4132833
00036760,4553081
00036762,4243776
00036763,4246185
00036766,4243778
00036768,4132844
00036769,4132845
00036770,4687417
00036772,4132921
00036774,4132849
00036775,4132850
00036776,4132851
00036777,4115942
00036779,4115944
00036780,4115945
00036781,4245985
00036782,4245986
00036783,4115946
00036784,4115947
00036786,4132858
00036787,4132860
00036788,4132862
00036789,4132864
00036790,4243779
00036791,4132866
00036792,4245988
00036793,4245989
00036794,4115148
00036795,4115948
00036796,4115949
00036800,4115153
00036802,4245993
00036803,4115943
00036804,4245994
00036806,4245996
00036808,4132854
00036810,4132856
00036811,4132857
00036812,4132859
00036813,4132861
00036814,4132863
00036815,4132865
00036819,4246000
00036816,4245997
00036817,4245998
00036818,4719949
00036820,4246001
00036826,4132871
00036827,4115950
00036828,4509347
00036829,4509405
00036830,4509443
00036831,4248998
00036832,4246003
00036833,4509417
00036834,4248999
00036835,4115951
00036836,4132873
00036837,4132874
00036838,4243780
00036839,4246085
00036840,4132876
00036841,4115952
00036842,4509372
00036843,4115953
00036845,4115163
00036846,4509349
00036847,4509343
00036848,4246007
00036849,4246008
00036850,4687420
00036821,4132867
00036822,4132922
00036823,4132868
00036824,4132869
00036874,4132883
00036875,4132925
00036876,4132885
00036878,4115954
00036880,4132889
00036853,4132887
00036855,4132890
00036856,4132892
00036851,4249001
00036857,4132893
00036858,4243781
00036859,4132894
00036860,4132896
00036861,4246010
00036862,4553096
00036863,4246011
00036864,4115955
00036865,4132875
00036866,4132877
00036868,4132879
00036870,4132923
00036871,4132881
00036872,4132924
00036873,4132882
00036882,4132926
00036883,4132927
00036920,4132916
00036919,4132603
00036917,4243744
00036916,4132598
00036915,4132596
00036914,4132594
00036913,4113733
00036912,4115870
00036911,4246020
00036909,4115869
00036905,4113716
00036903,4113711
00036901,4251896
00036900,4113703
00036899,4246016
00036898,4509413
00036897,4246015
00036896,4246014
00036893,4132575
00036891,4113692
00036890,4509430
00036888,4132900
00036886,4132897
00036885,4132895
00036884,4243782
00036949,4132609
00036950,4132611
00036947,4132605
00036946,4132604
00036945,4132602
00036944,4132600
00036943,4132599
00036942,4132597
00036941,4243743
00036940,4132593
00036939,4132592
00036938,4132591
00036937,4132590
00036936,4132588
00036935,4132587
00036934,4132586
00036933,4132585
00036932,4132582
00036930,4132580
00036929,4243742
00036928,4132579
00036927,4132578
00036925,4132614
00036922,4132608
00036921,4553000
00036948,4132607
00036951,4132613
00036980,4243752
00036954,4243745
00036955,4132619
00036956,4243746
00036957,4132620
00036958,4132621
00036960,4132623
00036961,4243747
00036962,4132624
00036964,4132628
00036967,4132634
00036969,4243941
00036970,4132639
00036971,4132640
00036972,4132642
00036973,4132644
00036974,4132646
00036977,4132652
00036978,4132654
00036979,4132656
00036952,4132615
00036981,4132657
00036982,4132659
00036983,4132661
00036984,4132663
00036985,4132664
00036986,4243755
00036987,4132665
00036988,4132666
00036989,4132625
00036990,4132627
00036992,4132631
00036994,4132635
00036995,4132637
00036996,4243748
00036997,4243749
00036998,4132641
00036999,4132643
00037000,4132645
00037011,4243754
00037029,4115882
00037009,4132660
00037008,4687377
00037007,4243753
00037006,4243751
00037005,4132655
00037004,4132653
00037003,4243750
00037012,4509354
00037014,4115875
00037016,4246023
00037017,4720082
00037002,4132650
00037018,4509370
00037019,4249003
00037020,4113821
00037021,4246026
00037022,4115878
00037024,4243868
00037025,4246028
00037028,4720084
00037010,4132662
00037070,4509411
00037069,4509426
00037068,4115887
00037067,4251900
00037066,4115886
00037064,4251898
00037061,4115885
00037059,4115883
00037058,4243954
00037057,4251897
00037056,4246047
00037055,4243953
00037054,4243952
00037053,4115880
00037051,4246046
00037050,4246045
00037046,4246042
00037044,4246040
00037043,4246039
00037042,4720085
00037040,4246036
00037037,4509355
00037035,4509358
00037033,4246034
00037034,4113849
00037078,4246057
00037075,4249004
00037072,4115889
00037071,4509415
00037090,4687387
00037079,4246058
00037088,4246062
00037086,4115894
00037085,4113907
00037084,4251901
00037083,4509428
00037089,4115896
00037093,4111600
00037094,4111800
00037095,4111601
00037097,4111799
00037098,4111899
00037099,4111599
00037100,4111900
00037202,455645
00037203,4112300
00037206,4111602
00037208,4111901
00037209,4071734
00037210,4111902
00037211,4112301
00037212,4111903
00037213,4111603
00037214,4111801
00037215,4111904
00037216,4082154
00037217,4082354
00037218,4082554
00037219,4082754
00037220,4082855
00037221,4083157
00037222,4083257
00037223,4083458
00037224,4083560
00037225,4083459
00037226,4083460
00037227,4083461
00037228,4085067
00037229,4085367
00037230,4085368
00037232,4093881
00037233,4095082
00037234,4095083
00037235,4097182
00037236,4097183
00037237,4097282
00037238,4097382
00037239,4097482
00037240,4097582
00037241,4097882
00037242,4104482
00037247,4104483
00037248,4105682
00037249,4108090
00037250,4108091
00037252,4109198
00037253,4109598
00037254,4109199
00037255,4111905
00037256,4113500
00037257,4114100
00037258,4115000
00037260,4116000
00037263,4116002
00037264,4116003
00037266,4116100
00037267,4116300
00037269,4116400
00037271,4116500
00037274,4116700
00037275,4117200
00037276,4117800
00037277,4118401
00037278,4118511
00037279,4118615
00037280,4118616
00037281,4118920
00037282,4118921
00037285,4119526
00037286,4119727
00037287,4119927
00037288,4119728
00037289,4119729
00037290,4120427
00037291,4119928
00037293,4120628
00037294,4120728
00037295,4120729
00037296,4120730
00037297,4120731
00037298,4121129
00037299,4121329
00037300,4121429
00037301,4121529
00037302,4121629
00037304,4124229
00037305,4124731
00037306,4124732
00037307,4124932
00037308,4124733
00037311,4125333
00037312,4124933
00037313,4125744
00037314,4125847
00037315,4125848
00037316,4126055
00037317,4126056
00037321,4127266
00037330,4127269
00037331,4128970
00037332,4128971
00037335,4129374
00037336,4129576
00037337,4129577
00037338,4129982
00037339,4130082
00037340,4130182
00037341,4130282
00037342,4130183
00037343,4130682
00037344,4130782
00037345,4130683
00037346,4130684
00037347,4131582
00037348,4131782
00037349,4144899
00037350,4131583
00037351,4131783
00037352,4131584
00037353,4132082
00037354,4132282
00037356,4132982
00037358,4132984
00037359,4132985
00037360,4132986
00037361,4132987
00037362,4133082
00037363,4132988
00037364,4133182
00037366,4133282
00037367,4133283
00037369,4133284
00037370,4133285
00037371,4133286
00037373,4133288
00037374,4152927
00037375,4134082
00037376,4134083
00037377,4134382
00037378,4134383
00037379,4134482
00037380,4134483
00037381,4134484
00037382,4134485
00037383,4134582
00037384,4134583
00037385,4134584
00037386,4134585
00037387,4134682
00037388,4134782
00037389,4134683
00037390,4134783
00037391,4134882
00037392,4134982
00037393,4134983
00037394,4134984
00037395,4134985
00037396,4135082
00037397,4135182
00037398,4135282
00037400,4135482
00037401,4135383
00037402,4135384
00037403,4135183
00037405,4135385
00037407,4144692
00037409,4135683
00037413,4135685
00037416,4135688
00037420,4136182
00037425,4135985
00037428,4135986
00037429,4136186
00037434,4136582
00037436,4136583
00037441,4137582
00037443,4137882
00037444,4137883
00037448,4137886
00037450,4138582
00037451,4138782
00037454,4152928
00037456,4138983
00037460,4140282
00037461,4140283
00037462,4140682
00037463,4140284
00037464,4141782
00037479,4143583
00037480,4143682
00037481,4143782
00037482,4143982
00037483,4143983
00037484,4144082
00037485,4143783
00037486,4143984
00037488,4144489
00037489,4144590
00037490,4144690
00037491,4144691
00037492,4144490
00037493,4144693
00037495,4144695
00037501,4144900
00037502,4145099
00037503,4145499
00037504,4145801
00037505,4145100
00037506,4148522
00037511,4147315
00037513,4147416
00037514,4147417
00037515,4147316
00037518,4147420
00037522,4148117
00037525,4148422
00037527,4148424
00037528,4148425
00037531,4148923
00037533,4149123
00037534,4149223
00037535,4149124
00037541,4150626
00037544,4152726
00037545,4152727
00037546,4152926
00037547,4153228
00037548,4153940
00037549,4153229
00037550,4154248
00037551,4158559
00037552,4154949
00037553,4155249
00037554,4154950
00037555,4154951
00037558,4155750
00037566,4155753
00037567,4155754
00037568,4156750
00037570,4156751
00037571,4156851
00037574,4156753
00037576,4156755
00037578,4156756
00037581,4157151
00037582,4157251
00037584,4157152
00037585,4157252
00037587,4157153
00037588,4647003
00037592,4158156
00037593,4158557
00037594,4158558
00037595,4158560
00037597,4158561
00037598,4159770
00037599,4159970
00037600,4159971
00037601,4159771
00037602,4159972
00037603,4161070
00037604,4161071
00037605,4161072
00037606,4161170
00037607,4161073
00037608,4161074
00037609,4161075
00037610,4161076
00037611,4161171
00037612,4162070
00037613,4161077
00037614,4162370
00037615,4162470
00037616,4162570
00037617,4163670
00037618,4164770
00037619,4165179
00037620,4165180
00037621,4165785
00037622,4165181
00037626,4165786
00037627,4166487
00037628,4166589
00037629,4166590
00037630,4166591
00037631,4166488
00037632,4166990
00037633,4167090
00037634,4167190
00037635,4166991
00037636,4167091
00037637,4167290
00037638,4167092
00037639,4167093
00037640,4167094
00037641,4167095
00037642,4167191
00037643,4167192
00037644,4167490
00037645,4167591
00037646,4167491
00037647,4167592
00037648,4167492
00037649,4167493
00037650,4167892
00037651,4167593
00037652,4167594
00037653,4167992
00037654,4167993
00037655,4168192
00037656,4168193
00037659,4168194
00037661,4168392
00037662,4168492
00037663,4168493
00037664,4168195
00037665,4168494
00037666,4168495
00037667,4168496
00037668,4168592
00037669,4168393
00037672,4168498
00037673,4168692
00037674,4168499
00037675,4168500
00037676,4168793
00037677,4168394
00037678,4168794
00037679,4168795
00037680,4168501
00037681,4168693
00037682,4168796
00037683,4168797
00037684,4168993
00037687,4168798
00037688,4169293
00037689,4175123
00037690,4169393
00037691,4169903
00037692,4170103
00037693,4170203
00037694,4170104
00037698,4170105
00037699,4170405
00037700,4170406
00037701,4170204
00037702,4170407
00037703,4171708
00037704,4170408
00037705,4172916
00037706,4171709
00037708,4172920
00037714,4173619
00037716,4173621
00037719,4174116
00037721,4172925
00037722,4173624
00037723,4173625
00037724,4174221
00037725,4174321
00037726,4174421
00037732,4174324
00037733,4174622
00037734,4174523
00037735,4174222
00037736,4174623
00037737,4174524
00037738,4174722
00037742,4174624
00037743,4174525
00037744,4174723
00037745,4174526
00037750,4175223
00037751,4175323
00037753,4175723
00037754,4175823
00037755,4175923
00037758,4176930
00037759,4177030
00037760,4177130
00037761,4177131
00037763,4177330
00037764,4177430
00037765,4177530
00037766,4177431
00037767,4177432
00037770,4177836
00037772,4177837
00037773,4177838
00037774,4178045
00037775,4178046
00037776,4178146
00037777,4178147
00037778,4178148
00037779,4179050
00037780,4180551
00037781,4179051
00037782,4180552
00037783,4179052
00037784,4180553
00037785,4182851
00037786,4182951
00037791,4183054
00037792,4183152
00037793,4183055
00037794,4182952
00037795,4183153
00037796,4183154
00037797,4183056
00037798,4183451
00037799,4183452
00037800,4183551
00037801,4183651
00037802,4183751
00037803,4184251
00037804,4184451
00037805,4184551
00037806,4184951
00037807,4185051
00037808,4185052
00037809,4185151
00037810,4185152
00037811,4185351
00037812,4185551
00037813,4185352
00037814,4185353
00037815,4185354
00037816,4185355
00037817,4185651
00037818,4185552
00037819,4185356
00037820,4185553
00037823,4185653
00037825,4186355
00037827,4186356
00037829,4186556
00037831,4186157
00037832,4186158
00037835,4186159
00037836,4187363
00037837,4187663
00037838,4187963
00037839,4188063
00037840,4187364
00037841,4187365
00037842,4189063
00037843,4191065
00037844,4191465
00037845,4227082
00037847,4192666
00037848,4192766
00037849,4193166
00037850,4193466
00037851,4193167
00037852,4193866
00037853,4193168
00037855,4193467
00037857,4194470
00037858,4194671
00037859,4194471
00037862,4194771
00037863,4194871
00037864,4194872
00037865,4194971
00037866,4194972
00037867,4194772
00037868,4194773
00037869,4194973
00037870,4196592
00037871,4196793
00037872,4196593
00037873,4196794
00037874,4196594
00037876,4196796
00037877,4196595
00037878,4197903
00037879,4198108
00037880,4198109
00037881,4197904
00037882,4197905
00037883,4197906
00037884,4199331
00037888,4200037
00037889,4200437
00037893,4200938
00037900,4202040
00037901,4202247
00037902,4202747
00037903,4202748
00037904,4202749
00037905,4202750
00037906,4202751
00037908,4205552
00037909,4204152
00037913,4204952
