Id,Name
a9FDo000000TuMjMAK,3098127
a9FDo000000TuAzMAK,1331556
a9FDo000000TtgeMAC,9016821
a9FDo000000TtfcMAC,9014030
a9FDo000000TtV2MAK,576671
a9FDo000000TtPNMA0,2050618
a9FDo000000TtGgMAK,763048
a9FDo000000TtFaMAK,267109
a9FDo000000TsrzMAC,8043765
a9FDo000000TsOkMAK,6712974
a9FDo000000Tr2QMAS,4723902
a9FDo000000TqtSMAS,2459020
a9FDo000000TqWoMAK,697680
a9FDo000000TpFWMA0,9015904
a9FDo000000TpFbMAK,9021632
a9FDo000000TpFcMAK,8041947
a9FDo000000TpFKMA0,9021487
a9FDo000000TpEgMAK,8958024
a9FDo000000TpELMA0,9017224
a9FDo000000TpEOMA0,2073966
a9FDo000000TpDcMAK,9011561
a9FDo000000TpDPMA0,4702262
a9FDo000000TpCrMAK,973040
a9FDo000000TpCpMAK,8642090
a9FDo000000TpCqMAK,6567103
a9FDo000000ToZGMA0,872855-0
a9FDo000000ToZFMA0,318627-0
a9FDo000000ToZDMA0,D00144777
a9FDo000000ToTGMA0,D00144347
a9FDo000000ToRBMA0,8317180-0
a9FDo000000ToRCMA0,1225944-0
a9FDo000000ToRDMA0,8546695-0
a9FDo000000ToREMA0,5222305-0
a9FDo000000ToRFMA0,7806118-0
a9FDo000000ToRGMA0,6791408-0
a9FDo000000ToRHMA0,8551542-0
a9FDo000000ToRIMA0,235341-0
a9FDo000000ToRJMA0,1413612-0
a9FDo000000ToRKMA0,1902830-0
a9FDo000000ToRLMA0,827631-0
a9FDo000000ToRMMA0,971121-0
a9FDo000000ToR7MAK,8544670-0
a9FDo000000ToR8MAK,6269708-0
a9FDo000000ToR9MAK,8570754-0
a9FDo000000ToRAMA0,8701012-0
a9FDo000000ToQdMAK,8575699-0
a9FDo000000ToQeMAK,8046619-0
a9FDo000000ToR6MAK,4812742-0
a9FDo000000ToR5MAK,7680679-0
a9FDo000000ToR4MAK,7391822-0
a9FDo000000ToR3MAK,7673789-0
a9FDo000000ToR2MAK,4316040-0
a9FDo000000ToR1MAK,5906535-0
a9FDo000000ToR0MAK,7965834-0
a9FDo000000ToQzMAK,7916740-0
a9FDo000000ToQyMAK,8633750-0
a9FDo000000ToQxMAK,7291822-0
a9FDo000000ToQwMAK,7122561-0
a9FDo000000ToQvMAK,8725083-0
a9FDo000000ToQuMAK,3281100-0
a9FDo000000ToQtMAK,8083237-0
a9FDo000000ToQsMAK,456372-0
a9FDo000000ToQrMAK,8288299-0
a9FDo000000ToQqMAK,8639302-0
a9FDo000000ToQpMAK,8543980-0
a9FDo000000ToQoMAK,5966599-0
a9FDo000000ToQnMAK,7869775-0
a9FDo000000ToQmMAK,8495814-0
a9FDo000000ToQlMAK,905817-0
a9FDo000000ToQkMAK,6059845-0
a9FDo000000ToQjMAK,8708695-0
a9FDo000000ToQiMAK,8406159-0
a9FDo000000ToQhMAK,7813091-0
a9FDo000000ToQgMAK,6270350-0
a9FDo000000ToQfMAK,2292448-0
a9FDo000000ToQ9MAK,8632845-0
a9FDo000000ToQcMAK,8911386-0
a9FDo000000ToQaMAK,496154-0
a9FDo000000ToQZMA0,4247579-0
a9FDo000000ToQYMA0,7262085-0
a9FDo000000ToQXMA0,8411253-0
a9FDo000000ToQWMA0,8544713-0
a9FDo000000ToQVMA0,8033888-0
a9FDo000000ToQUMA0,7225807-0
a9FDo000000ToQTMA0,5237218-0
a9FDo000000ToQSMA0,8861810-0
a9FDo000000ToQRMA0,4808520-0
a9FDo000000ToQQMA0,1029586-0
a9FDo000000ToQPMA0,7985618-0
a9FDo000000ToQOMA0,179344-0
a9FDo000000ToQNMA0,7400057-0
a9FDo000000ToQMMA0,8311098-0
a9FDo000000ToQLMA0,5752520-0
a9FDo000000ToQKMA0,7406992-0
a9FDo000000ToQJMA0,194765-0
a9FDo000000ToQIMA0,8554286-0
a9FDo000000ToQHMA0,5860804-0
a9FDo000000ToQGMA0,8620918-0
a9FDo000000ToQFMA0,530348-0
a9FDo000000ToQEMA0,7440903-0
a9FDo000000ToQDMA0,8627673-0
a9FDo000000ToQCMA0,7353931-0
a9FDo000000ToQBMA0,7360781-0
a9FDo000000ToQAMA0,8820251-0
a9FDo000000ToQbMAK,2601047-0
a9FDo000000ToOhMAK,8859432-0
a9FDo000000ToOvMAK,8566192-0
a9FDo000000ToOjMAK,7049776-0
a9FDo000000ToOkMAK,1444349-0
a9FDo000000ToOlMAK,8872488-0
a9FDo000000ToOmMAK,5196447-0
a9FDo000000ToOnMAK,2986486-0
a9FDo000000ToOoMAK,8547398-0
a9FDo000000ToOpMAK,8877018-0
a9FDo000000ToOqMAK,5301747-0
a9FDo000000ToOrMAK,8772870-0
a9FDo000000ToOsMAK,8874819-0
a9FDo000000ToOtMAK,8568741-0
a9FDo000000ToOuMAK,7646200-0
a9FDo000000ToOiMAK,5272932-0
a9FDo000000ToODMA0,7525233-0
a9FDo000000ToOEMA0,130856-0
a9FDo000000ToOFMA0,8865569-0
a9FDo000000ToOGMA0,5725006-0
a9FDo000000ToOHMA0,6678851-0
a9FDo000000ToOIMA0,603192-0
a9FDo000000ToOJMA0,8739619-0
a9FDo000000ToOKMA0,8627582-0
a9FDo000000ToOLMA0,1152928-0
a9FDo000000ToOMMA0,8566642-0
a9FDo000000ToONMA0,7002991-0
a9FDo000000ToOOMA0,709487-0
a9FDo000000ToOPMA0,6379473-0
a9FDo000000ToOQMA0,7975690-0
a9FDo000000ToORMA0,8523157-0
a9FDo000000ToOSMA0,5476613-0
a9FDo000000ToOTMA0,1912703-0
a9FDo000000ToOUMA0,8729695-0
a9FDo000000ToOVMA0,8727587-0
a9FDo000000ToOWMA0,7826535-0
a9FDo000000ToOXMA0,4444073-0
a9FDo000000ToOYMA0,6007655-0
a9FDo000000ToOZMA0,4179207-0
a9FDo000000ToOaMAK,8769406-0
a9FDo000000ToObMAK,8532570-0
a9FDo000000ToOcMAK,1367268-0
a9FDo000000ToOdMAK,6073224-0
a9FDo000000ToOeMAK,5209568-0
a9FDo000000ToOfMAK,252340-0
a9FDo000000ToOgMAK,8613929-0
a9FDo000000ToNvMAK,5949797-0
a9FDo000000ToNwMAK,7973263-0
a9FDo000000ToNtMAK,2788971-0
a9FDo000000ToNsMAK,7625070-0
a9FDo000000ToNrMAK,8341366-0
a9FDo000000ToNqMAK,8567678-0
a9FDo000000ToOCMA0,7672175-0
a9FDo000000ToOBMA0,5670253-0
a9FDo000000ToOAMA0,8049668-0
a9FDo000000ToO9MAK,472746-0
a9FDo000000ToO8MAK,8321551-0
a9FDo000000ToO7MAK,8758119-0
a9FDo000000ToO6MAK,5248871-0
a9FDo000000ToO5MAK,8703620-0
a9FDo000000ToO4MAK,8819391-0
a9FDo000000ToO3MAK,8564784-0
a9FDo000000ToO2MAK,7433-0
a9FDo000000ToO1MAK,7071104-0
a9FDo000000ToO0MAK,8691687-0
a9FDo000000ToNpMAK,7408760-0
a9FDo000000ToNoMAK,5222306-0
a9FDo000000ToNnMAK,5768301-0
a9FDo000000ToNmMAK,8316073-0
a9FDo000000ToNlMAK,8618119-0
a9FDo000000ToNkMAK,7337300-0
a9FDo000000ToNjMAK,8861359-0
a9FDo000000ToNzMAK,8627442-0
a9FDo000000ToNyMAK,4988015-0
a9FDo000000ToNxMAK,7525981-0
a9FDo000000ToNuMAK,2611308-0
a9FDo000000ToNXMA0,8884639-0
a9FDo000000ToNWMA0,8262284-0
a9FDo000000ToNVMA0,8783587-0
a9FDo000000ToNUMA0,4329388-0
a9FDo000000ToNTMA0,423332-0
a9FDo000000ToNSMA0,129254-0
a9FDo000000ToNRMA0,5719328-0
a9FDo000000ToNQMA0,2474614-0
a9FDo000000ToNPMA0,8652725-0
a9FDo000000ToNOMA0,8765255-0
a9FDo000000ToNNMA0,7370301-0
a9FDo000000ToNMMA0,7785393-0
a9FDo000000ToNLMA0,5319483-0
a9FDo000000ToNKMA0,8754916-0
a9FDo000000ToNJMA0,7224140-0
a9FDo000000ToNIMA0,8387507-0
a9FDo000000ToNHMA0,6191585-0
a9FDo000000ToNGMA0,5132724-0
a9FDo000000ToNFMA0,8778244-0
a9FDo000000ToNiMAK,2263465-0
a9FDo000000ToNhMAK,3640458-0
a9FDo000000ToNgMAK,8887286-0
a9FDo000000ToNYMA0,8617329-0
a9FDo000000ToNeMAK,8269074-0
a9FDo000000ToNdMAK,5258510-0
a9FDo000000ToNcMAK,1083629-0
a9FDo000000ToNbMAK,8606893-0
a9FDo000000ToNaMAK,7409732-0
a9FDo000000ToNZMA0,8035117-0
a9FDo000000ToNfMAK,8608577-0
a9FDo000000ToN3MAK,6241161-0
a9FDo000000ToN2MAK,4985981-0
a9FDo000000ToN5MAK,274396-0
a9FDo000000ToN6MAK,458265-0
a9FDo000000ToN7MAK,6479855-0
a9FDo000000ToN8MAK,7247409-0
a9FDo000000ToN9MAK,2463069-0
a9FDo000000ToNAMA0,8893550-0
a9FDo000000ToNBMA0,8772831-0
a9FDo000000ToNCMA0,8775508-0
a9FDo000000ToNDMA0,8877015-0
a9FDo000000ToNEMA0,5781748-0
a9FDo000000ToMlMAK,6666618-0
a9FDo000000ToMmMAK,8922626-0
a9FDo000000ToMnMAK,8574344-0
a9FDo000000ToMoMAK,26597-0
a9FDo000000ToMpMAK,116147-0
a9FDo000000ToMqMAK,8776494-0
a9FDo000000ToMrMAK,8723665-0
a9FDo000000ToMsMAK,8857212-0
a9FDo000000ToMtMAK,8890957-0
a9FDo000000ToMuMAK,885444-0
a9FDo000000ToMvMAK,7137777-0
a9FDo000000ToMwMAK,24042-0
a9FDo000000ToMxMAK,6173408-0
a9FDo000000ToMyMAK,702061-0
a9FDo000000ToMzMAK,7792049-0
a9FDo000000ToN0MAK,825849-0
a9FDo000000ToN1MAK,2091373-0
a9FDo000000ToN4MAK,681022-0
a9FDo000000ToMHMA0,157169-0
a9FDo000000ToMIMA0,6057091-0
a9FDo000000ToMJMA0,8894154-0
a9FDo000000ToMKMA0,8943907-0
a9FDo000000ToMLMA0,162201-0
a9FDo000000ToMMMA0,8733375-0
a9FDo000000ToMNMA0,8893890-0
a9FDo000000ToMOMA0,8043627-0
a9FDo000000ToMPMA0,4465505-0
a9FDo000000ToMQMA0,593899-0
a9FDo000000ToMRMA0,8925195-0
a9FDo000000ToMSMA0,7532050-0
a9FDo000000ToMTMA0,8929551-0
a9FDo000000ToMUMA0,2910635-0
a9FDo000000ToMVMA0,8595489-0
a9FDo000000ToMWMA0,401833-0
a9FDo000000ToMXMA0,531266-0
a9FDo000000ToMYMA0,8305734-0
a9FDo000000ToMZMA0,6311913-0
a9FDo000000ToMaMAK,8929313-0
a9FDo000000ToMbMAK,7807133-0
a9FDo000000ToMcMAK,872801-0
a9FDo000000ToMdMAK,4608475-0
a9FDo000000ToMeMAK,8475077-0
a9FDo000000ToMfMAK,559824-0
a9FDo000000ToMgMAK,984604-0
a9FDo000000ToMhMAK,5705653-0
a9FDo000000ToMiMAK,999051-0
a9FDo000000ToMjMAK,8929322-0
a9FDo000000ToMkMAK,8952589-0
a9FDo000000ToM2MAK,7280120-0
a9FDo000000ToM3MAK,8924432-0
a9FDo000000ToM0MAK,8533318-0
a9FDo000000ToLzMAK,7848224-0
a9FDo000000ToLyMAK,7265033-0
a9FDo000000ToLxMAK,8952138-0
a9FDo000000ToLwMAK,4720480-0
a9FDo000000ToLvMAK,8569979-0
a9FDo000000ToLuMAK,8768055-0
a9FDo000000ToLtMAK,7059446-0
a9FDo000000ToLsMAK,8754259-0
a9FDo000000ToLrMAK,8554455-0
a9FDo000000ToLqMAK,6179335-0
a9FDo000000ToLpMAK,6015301-0
a9FDo000000ToLoMAK,8283431-0
a9FDo000000ToLnMAK,1073899-0
a9FDo000000ToMGMA0,8834611-0
a9FDo000000ToMFMA0,4470343-0
a9FDo000000ToMEMA0,6029380-0
a9FDo000000ToMDMA0,8299279-0
a9FDo000000ToMCMA0,5532673-0
a9FDo000000ToMBMA0,6270518-0
a9FDo000000ToMAMA0,7787143-0
a9FDo000000ToM9MAK,8888166-0
a9FDo000000ToM8MAK,7878531-0
a9FDo000000ToM7MAK,139394-0
a9FDo000000ToM6MAK,8951071-0
a9FDo000000ToM5MAK,8704741-0
a9FDo000000ToM4MAK,8877736-0
a9FDo000000ToM1MAK,8928621-0
a9FDo000000ToLmMAK,213425-0
a9FDo000000ToLlMAK,5850962-0
a9FDo000000ToLkMAK,5993144-0
a9FDo000000ToLjMAK,257475-0
a9FDo000000ToLiMAK,8792834-0
a9FDo000000ToLhMAK,6504105-0
a9FDo000000ToLgMAK,6482273-0
a9FDo000000ToLfMAK,3440666-0
a9FDo000000ToLeMAK,8607216-0
a9FDo000000ToLdMAK,8636779-0
a9FDo000000ToLcMAK,68449-0
a9FDo000000ToLbMAK,7386392-0
a9FDo000000ToLaMAK,8611243-0
a9FDo000000ToLZMA0,1575635-0
a9FDo000000ToLYMA0,7056411-0
a9FDo000000ToLXMA0,8768695-0
a9FDo000000ToLWMA0,8364961-0
a9FDo000000ToLVMA0,8785308-0
a9FDo000000ToLUMA0,8804289-0
a9FDo000000ToLTMA0,6568739-0
a9FDo000000ToLSMA0,870599-0
a9FDo000000ToLRMA0,7161474-0
a9FDo000000ToLQMA0,8849591-0
a9FDo000000ToLPMA0,7917682-0
a9FDo000000ToLOMA0,5976560-0
a9FDo000000ToLNMA0,7334433-0
a9FDo000000ToLMMA0,8561407-0
a9FDo000000ToLLMA0,658433-0
a9FDo000000ToLJMA0,7964168-0
a9FDo000000ToLKMA0,8853145-0
a9FDo000000ToKpMAK,3422359-0
a9FDo000000ToKqMAK,8603347-0
a9FDo000000ToKrMAK,8873746-0
a9FDo000000ToKsMAK,4602626-0
a9FDo000000ToKtMAK,8625041-0
a9FDo000000ToKuMAK,190061-0
a9FDo000000ToKvMAK,461695-0
a9FDo000000ToKwMAK,8283781-0
a9FDo000000ToKxMAK,8892002-0
a9FDo000000ToKyMAK,8567965-0
a9FDo000000ToKzMAK,8567966-0
a9FDo000000ToL0MAK,8626229-0
a9FDo000000ToL1MAK,258977-0
a9FDo000000ToL2MAK,139581-0
a9FDo000000ToL3MAK,658639-0
a9FDo000000ToL4MAK,8301048-0
a9FDo000000ToL5MAK,7049723-0
a9FDo000000ToL6MAK,4708637-0
a9FDo000000ToL7MAK,8839160-0
a9FDo000000ToL8MAK,7316486-0
a9FDo000000ToL9MAK,8770170-0
a9FDo000000ToLAMA0,8539622-0
a9FDo000000ToLBMA0,7522320-0
a9FDo000000ToLCMA0,1121623-0
a9FDo000000ToLDMA0,5865562-0
a9FDo000000ToLEMA0,5697981-0
a9FDo000000ToLFMA0,6993442-0
a9FDo000000ToLGMA0,7648078-0
a9FDo000000ToLHMA0,8633125-0
a9FDo000000ToLIMA0,7380468-0
a9FDo000000ToKVMA0,7838678-0
a9FDo000000ToKWMA0,5576434-0
a9FDo000000ToKUMA0,8625230-0
a9FDo000000ToKTMA0,8633014-0
a9FDo000000ToKSMA0,8490548-0
a9FDo000000ToKRMA0,8603568-0
a9FDo000000ToKQMA0,7846390-0
a9FDo000000ToKPMA0,4605151-0
a9FDo000000ToKOMA0,214402-0
a9FDo000000ToKNMA0,7869511-0
a9FDo000000ToKMMA0,8543644-0
a9FDo000000ToKLMA0,7156014-0
a9FDo000000ToKoMAK,8553681-0
a9FDo000000ToKXMA0,8881152-0
a9FDo000000ToKYMA0,4426625-0
a9FDo000000ToKZMA0,8608464-0
a9FDo000000ToKaMAK,7913720-0
a9FDo000000ToKbMAK,8825529-0
a9FDo000000ToKcMAK,7267184-0
a9FDo000000ToKdMAK,8602727-0
a9FDo000000ToKeMAK,5255431-0
a9FDo000000ToKfMAK,8637855-0
a9FDo000000ToKgMAK,8574087-0
a9FDo000000ToKhMAK,8711442-0
a9FDo000000ToKiMAK,7973356-0
a9FDo000000ToKjMAK,8568863-0
a9FDo000000ToKkMAK,293351-0
a9FDo000000ToKlMAK,1273995-0
a9FDo000000ToKmMAK,8039315-0
a9FDo000000ToKnMAK,8576098-0
a9FDo000000ToKKMA0,4706769-0
a9FDo000000ToKJMA0,2073305-0
a9FDo000000ToKIMA0,7013527-0
a9FDo000000ToGnMAK,D00143825
a9FDo000000TnsSMAS,D00142151
a9FDo000000TlRFMA0,D00133071
a9FDo000000Tkj2MAC,D00130702
a9FDo000000TjCbMAK,D00127146
a9FDo000000TeOPMA0,D00118738
a9FDo000000TYzsMAG,D11266921
a9FDo000000TYG8MAO,D10470409
a9FDo000000TXWWMA4,D01135185
a9FDo000000TVP2MAO,D00107772
a9FDo000000TTJBMA4,D00080386
a9FDo000000TT0cMAG,D00086691
a9FDo000000TScHMAW,D00077723
a9FDo000000TSWBMA4,D00075177
a9FDo000000TQ5WMAW,A30026922
