Id,SBQQ__PriceBook__c
a6GDo0000000EUkMAM,01s3i000001AtoAAAS
a6GDo0000000EfTMAU,01s3i000001AtoAAAS
a6GDo0000000EfYMAU,01s3i000001AtoAAAS
a6GDo0000000ElbMAE,01s3i000001AtoAAAS
a6GDo0000000EmoMAE,01s3i000001AtoAAAS
a6GDo0000000EqvMAE,01s3i000001AtoAAAS
a6GDo0000000ErAMAU,01s3i000001AtoAAAS
a6GDo0000000ErFMAU,01s3i000001AtoAAAS
a6GDo0000000EroMAE,01s3i000001AtoAAAS
a6GDo0000000EsIMAU,01s3i000001AtoAAAS
a6GDo0000000EtBMAU,01s3i000001AtoAAAS
a6GDo0000000EvHMAU,01s3i000001AtoAAAS
a6GDo0000000F6ZMAU,01s3i000001AtoAAAS
a6GDo0000000F8fMAE,01s3i000001AtoAAAS
a6GDo0000000FY4MAM,01s3i000001AtoAAAS
a6GDo0000000FYOMA2,01s3i000001AtoAAAS
a6GDo0000000FYYMA2,01s3i000001AtoAAAS
a6GDo0000000FZRMA2,01s3i000001AtoAAAS
a6GDo0000000FZlMAM,01s3i000001AtoAAAS
a6GDo0000000FaUMAU,01s3i000001AtoAAAS
a6GDo0000000FaZMAU,01s3i000001AtoAAAS
a6GDo0000000FaoMAE,01s3i000001AtoAAAS
a6GDo0000000FbNMAU,01s3i000001AtoAAAS
a6GDo0000000FbIMAU,01s3i000001AtoAAAS
a6GDo0000000FbhMAE,01s3i000001AtoAAAS
a6GDo0000000FVQMA2,01s3i000001AtoAAAS
a6GDo0000000FbwMAE,01s3i000001AtoAAAS
a6GDo0000000FcBMAU,01s3i000001AtoAAAS
a6GDo0000000Fa6MAE,01s3i000001AtoAAAS
a6GDo0000000FcfMAE,01s3i000001AtoAAAS
a6GDo0000000FXWMA2,01s3i000001AtoAAAS
a6GDo0000000FczMAE,01s3i000001AtoAAAS
a6GDo0000000FddMAE,01s3i000001AtoAAAS
a6GDo0000000FdYMAU,01s3i000001AtoAAAS
a6GDo0000000FbdMAE,01s3i000001AtoAAAS
a6GDo0000000FWdMAM,01s3i000001AtoAAAS
a6GDo0000000Fe7MAE,01s3i000001AtoAAAS
a6GDo0000000FZ4MAM,01s3i000001AtoAAAS
a6GDo0000000FfPMAU,01s3i000001AtoAAAS
a6GDo0000000FfKMAU,01s3i000001AtoAAAS
a6GDo0000000FaNMAU,01s3i000001AtoAAAS
a6GDo0000000FfyMAE,01s3i000001AtoAAAS
a6GDo0000000Fg3MAE,01s3i000001AtoAAAS
a6GDo0000000FgwMAE,01s3i000001AtoAAAS
a6GDo0000000FYKMA2,01s3i000001AtoAAAS
a6GDo0000000FhGMAU,01s3i000001AtoAAAS
a6GDo0000000FhLMAU,01s3i000001AtoAAAS
a6GDo0000000FhaMAE,01s3i000001AtoAAAS
a6GDo0000000FhpMAE,01s3i000001AtoAAAS
a6GDo0000000Fi9MAE,01s3i000001AtoAAAS
a6GDo0000000FiOMAU,01s3i000001AtoAAAS
a6GDo0000000FaQMAU,01s3i000001AtoAAAS
a6GDo0000000FisMAE,01s3i000001AtoAAAS
a6GDo0000000FfBMAU,01s3i000001AtoAAAS
a6GDo0000000Fj2MAE,01s3i000001AtoAAAS
a6GDo0000000FiFMAU,01s3i000001AtoAAAS
a6GDo0000000FjHMAU,01s3i000001AtoAAAS
a6GDo0000000FjbMAE,01s3i000001AtoAAAS
a6GDo0000000FhvMAE,01s3i000001AtoAAAS
a6GDo0000000FXvMAM,01s3i000001AtoAAAS
a6GDo0000000FUrMAM,01s3i000001AtoAAAS
a6GDo0000000FjqMAE,01s3i000001AtoAAAS
a6GDo0000000FkAMAU,01s3i000001AtoAAAS
a6GDo0000000Fl8MAE,01s3i000001AtoAAAS
a6GDo0000000FlNMAU,01s3i000001AtoAAAS
a6GDo0000000FlIMAU,01s3i000001AtoAAAS
a6GDo0000000FlDMAU,01s3i000001AtoAAAS
a6GDo0000000FXYMA2,01s3i000001AtoAAAS
a6GDo0000000FldMAE,01s3i000001AtoAAAS
a6GDo0000000FlrMAE,01s3i000001AtoAAAS
a6GDo0000000FmLMAU,01s3i000001AtoAAAS
a6GDo0000000FmaMAE,01s3i000001AtoAAAS
a6GDo0000000FmbMAE,01s3i000001AtoAAAS
a6GDo0000000FYBMA2,01s3i000001AtoAAAS
a6GDo0000000FeXMAU,01s3i000001AtoAAAS
a6GDo0000000FnOMAU,01s3i000001AtoAAAS
a6GDo0000000FnTMAU,01s3i000001AtoAAAS
a6GDo0000000FnnMAE,01s3i000001AtoAAAS
a6GDo0000000Fo2MAE,01s3i000001AtoAAAS
a6GDo0000000Fo7MAE,01s3i000001AtoAAAS
a6GDo0000000FjiMAE,01s3i000001AtoAAAS
a6GDo0000000FdHMAU,01s3i000001AtoAAAS
a6GDo0000000FobMAE,01s3i000001AtoAAAS
a6GDo0000000FolMAE,01s3i000001AtoAAAS
a6GDo0000000FjSMAU,01s3i000001AtoAAAS
a6GDo0000000FigMAE,01s3i000001AtoAAAS
a6GDo0000000FpGMAU,01s3i000001AtoAAAS
a6GDo0000000FXmMAM,01s3i000001AtoAAAS
a6GDo0000000FflMAE,01s3i000001AtoAAAS
a6GDo0000000FmWMAU,01s3i000001AtoAAAS
a6GDo0000000FcRMAU,01s3i000001AtoAAAS
a6GDo0000000FnUMAU,01s3i000001AtoAAAS
a6GDo0000000FccMAE,01s3i000001AtoAAAS
a6GDo0000000FkBMAU,01s3i000001AtoAAAS
a6GDo0000000FbxMAE,01s3i000001AtoAAAS
a6GDo0000000FklMAE,01s3i000001AtoAAAS
a6GDo0000000FhqMAE,01s3i000001AtoAAAS
a6GDo0000000Fr6MAE,01s3i000001AtoAAAS
a6GDo0000000FfWMAU,01s3i000001AtoAAAS
a6GDo0000000FrVMAU,01s3i000001AtoAAAS
a6GDo0000000Fr8MAE,01s3i000001AtoAAAS
a6GDo0000000FrzMAE,01s3i000001AtoAAAS
a6GDo0000000FsEMAU,01s3i000001AtoAAAS
a6GDo0000000FUXMA2,01s3i000001AtoAAAS
a6GDo0000000FsdMAE,01s3i000001AtoAAAS
a6GDo0000000FsnMAE,01s3i000001AtoAAAS
a6GDo0000000FssMAE,01s3i000001AtoAAAS
a6GDo0000000FsjMAE,01s3i000001AtoAAAS
a6GDo0000000FlFMAU,01s3i000001AtoAAAS
a6GDo0000000FtMMAU,01s3i000001AtoAAAS
a6GDo0000000FtWMAU,01s3i000001AtoAAAS
a6GDo0000000FtbMAE,01s3i000001AtoAAAS
a6GDo0000000FkmMAE,01s3i000001AtoAAAS
a6GDo0000000Fu5MAE,01s3i000001AtoAAAS
a6GDo0000000FXnMAM,01s3i000001AtoAAAS
a6GDo0000000FkGMAU,01s3i000001AtoAAAS
a6GDo0000000FbnMAE,01s3i000001AtoAAAS
a6GDo0000000FeFMAU,01s3i000001AtoAAAS
a6GDo0000000FuKMAU,01s3i000001AtoAAAS
a6GDo0000000FuPMAU,01s3i000001AtoAAAS
a6GDo0000000FsAMAU,01s3i000001AtoAAAS
a6GDo0000000FuoMAE,01s3i000001AtoAAAS
a6GDo0000000FrmMAE,01s3i000001AtoAAAS
a6GDo0000000FuyMAE,01s3i000001AtoAAAS
a6GDo0000000Fv3MAE,01s3i000001AtoAAAS
a6GDo0000000FvNMAU,01s3i000001AtoAAAS
a6GDo0000000FvXMAU,01s3i000001AtoAAAS
a6GDo0000000FvrMAE,01s3i000001AtoAAAS
a6GDo0000000Fo8MAE,01s3i000001AtoAAAS
a6GDo0000000FhOMAU,01s3i000001AtoAAAS
a6GDo0000000Fn1MAE,01s3i000001AtoAAAS
a6GDo0000000FpuMAE,01s3i000001AtoAAAS
a6GDo0000000FwfMAE,01s3i000001AtoAAAS
a6GDo0000000FwVMAU,01s3i000001AtoAAAS
a6GDo0000000FhWMAU,01s3i000001AtoAAAS
a6GDo0000000FxTMAU,01s3i000001AtoAAAS
a6GDo0000000Fr2MAE,01s3i000001AtoAAAS
a6GDo0000000FxxMAE,01s3i000001AtoAAAS
a6GDo0000000Fy7MAE,01s3i000001AtoAAAS
a6GDo0000000FYSMA2,01s3i000001AtoAAAS
a6GDo0000000FY6MAM,01s3i000001AtoAAAS
a6GDo0000000FgeMAE,01s3i000001AtoAAAS
a6GDo0000000FybMAE,01s3i000001AtoAAAS
a6GDo0000000FewMAE,01s3i000001AtoAAAS
a6GDo0000000FpkMAE,01s3i000001AtoAAAS
a6GDo0000000Fz0MAE,01s3i000001AtoAAAS
a6GDo0000000FnzMAE,01s3i000001AtoAAAS
a6GDo0000000FgfMAE,01s3i000001AtoAAAS
a6GDo0000000FzUMAU,01s3i000001AtoAAAS
a6GDo0000000FzZMAU,01s3i000001AtoAAAS
a6GDo0000000FzeMAE,01s3i000001AtoAAAS
a6GDo0000000FlxMAE,01s3i000001AtoAAAS
a6GDo0000000G0DMAU,01s3i000001AtoAAAS
a6GDo0000000FlGMAU,01s3i000001AtoAAAS
a6GDo0000000FXoMAM,01s3i000001AtoAAAS
a6GDo0000000G0rMAE,01s3i000001AtoAAAS
a6GDo0000000G1GMAU,01s3i000001AtoAAAS
a6GDo0000000G0EMAU,01s3i000001AtoAAAS
a6GDo0000000FpzMAE,01s3i000001AtoAAAS
a6GDo0000000FheMAE,01s3i000001AtoAAAS
a6GDo0000000FyeMAE,01s3i000001AtoAAAS
a6GDo0000000G1zMAE,01s3i000001AtoAAAS
a6GDo0000000FjIMAU,01s3i000001AtoAAAS
a6GDo0000000G29MAE,01s3i000001AtoAAAS
a6GDo0000000FxwMAE,01s3i000001AtoAAAS
a6GDo0000000G2OMAU,01s3i000001AtoAAAS
a6GDo0000000FxyMAE,01s3i000001AtoAAAS
a6GDo0000000FxaMAE,01s3i000001AtoAAAS
a6GDo0000000G3HMAU,01s3i000001AtoAAAS
a6GDo0000000G2jMAE,01s3i000001AtoAAAS
a6GDo0000000G3qMAE,01s3i000001AtoAAAS
a6GDo0000000G1qMAE,01s3i000001AtoAAAS
a6GDo0000000FqOMAU,01s3i000001AtoAAAS
a6GDo0000000FmAMAU,01s3i000001AtoAAAS
a6GDo0000000G4LMAU,01s3i000001AtoAAAS
a6GDo0000000G4ZMAU,01s3i000001AtoAAAS
a6GDo0000000FfmMAE,01s3i000001AtoAAAS
a6GDo0000000G4BMAU,01s3i000001AtoAAAS
a6GDo0000000G0AMAU,01s3i000001AtoAAAS
a6GDo0000000FviMAE,01s3i000001AtoAAAS
a6GDo0000000FZSMA2,01s3i000001AtoAAAS
a6GDo0000000G5SMAU,01s3i000001AtoAAAS
a6GDo0000000G5NMAU,01s3i000001AtoAAAS
a6GDo0000000G0BMAU,01s3i000001AtoAAAS
a6GDo0000000FxbMAE,01s3i000001AtoAAAS
a6GDo0000000G5wMAE,01s3i000001AtoAAAS
a6GDo0000000G6GMAU,01s3i000001AtoAAAS
a6GDo0000000G0oMAE,01s3i000001AtoAAAS
a6GDo0000000G79MAE,01s3i000001AtoAAAS
a6GDo0000000G4CMAU,01s3i000001AtoAAAS
a6GDo0000000FzaMAE,01s3i000001AtoAAAS
a6GDo0000000G7JMAU,01s3i000001AtoAAAS
a6GDo0000000G7OMAU,01s3i000001AtoAAAS
a6GDo0000000G7dMAE,01s3i000001AtoAAAS
a6GDo0000000FzuMAE,01s3i000001AtoAAAS
a6GDo0000000FsBMAU,01s3i000001AtoAAAS
a6GDo0000000G83MAE,01s3i000001AtoAAAS
a6GDo0000000G0CMAU,01s3i000001AtoAAAS
a6GDo0000000G6RMAU,01s3i000001AtoAAAS
a6GDo0000000G95MAE,01s3i000001AtoAAAS
a6GDo0000000FlyMAE,01s3i000001AtoAAAS
a6GDo0000000Ft6MAE,01s3i000001AtoAAAS
a6GDo0000000G7eMAE,01s3i000001AtoAAAS
a6GDo0000000G9eMAE,01s3i000001AtoAAAS
a6GDo0000000FkHMAU,01s3i000001AtoAAAS
a6GDo0000000G62MAE,01s3i000001AtoAAAS
a6GDo0000000G9yMAE,01s3i000001AtoAAAS
a6GDo0000000GA3MAM,01s3i000001AtoAAAS
a6GDo0000000G33MAE,01s3i000001AtoAAAS
a6GDo0000000G5yMAE,01s3i000001AtoAAAS
a6GDo0000000GAdMAM,01s3i000001AtoAAAS
a6GDo0000000GB7MAM,01s3i000001AtoAAAS
a6GDo0000000FyDMAU,01s3i000001AtoAAAS
a6GDo0000000G3OMAU,01s3i000001AtoAAAS
a6GDo0000000G7ZMAU,01s3i000001AtoAAAS
a6GDo0000000GBpMAM,01s3i000001AtoAAAS
a6GDo0000000G2tMAE,01s3i000001AtoAAAS
a6GDo0000000G9GMAU,01s3i000001AtoAAAS
a6GDo0000000G5sMAE,01s3i000001AtoAAAS
a6GDo0000000G05MAE,01s3i000001AtoAAAS
a6GDo0000000GBwMAM,01s3i000001AtoAAAS
a6GDo0000000GC9MAM,01s3i000001AtoAAAS
a6GDo0000000G7fMAE,01s3i000001AtoAAAS
a6GDo0000000Fl1MAE,01s3i000001AtoAAAS
a6GDo0000000G2KMAU,01s3i000001AtoAAAS
a6GDo0000000GDMMA2,01s3i000001AtoAAAS
a6GDo0000000GDRMA2,01s3i000001AtoAAAS
a6GDo0000000Ff2MAE,01s3i000001AtoAAAS
a6GDo0000000GBMMA2,01s3i000001AtoAAAS
a6GDo0000000GDWMA2,01s3i000001AtoAAAS
a6GDo0000000Fg6MAE,01s3i000001AtoAAAS
a6GDo0000000G5ZMAU,01s3i000001AtoAAAS
a6GDo0000000GDgMAM,01s3i000001AtoAAAS
a6GDo0000000FbpMAE,01s3i000001AtoAAAS
a6GDo0000000GDvMAM,01s3i000001AtoAAAS
a6GDo0000000G3UMAU,01s3i000001AtoAAAS
a6GDo0000000G71MAE,01s3i000001AtoAAAS
a6GDo0000000G5OMAU,01s3i000001AtoAAAS
a6GDo0000000G6vMAE,01s3i000001AtoAAAS
a6GDo0000000FonMAE,01s3i000001AtoAAAS
a6GDo0000000FjKMAU,01s3i000001AtoAAAS
a6GDo0000000FvVMAU,01s3i000001AtoAAAS
a6GDo0000000Fj1MAE,01s3i000001AtoAAAS
a6GDo0000000GDDMA2,01s3i000001AtoAAAS
a6GDo0000000GDNMA2,01s3i000001AtoAAAS
a6GDo0000000GFSMA2,01s3i000001AtoAAAS
a6GDo0000000FsuMAE,01s3i000001AtoAAAS
a6GDo0000000Fs5MAE,01s3i000001AtoAAAS
a6GDo0000000GE1MAM,01s3i000001AtoAAAS
a6GDo0000000GDFMA2,01s3i000001AtoAAAS
a6GDo0000000G06MAE,01s3i000001AtoAAAS
a6GDo0000000G9BMAU,01s3i000001AtoAAAS
a6GDo0000000G5KMAU,01s3i000001AtoAAAS
a6GDo0000000Fn5MAE,01s3i000001AtoAAAS
a6GDo0000000FvgMAE,01s3i000001AtoAAAS
a6GDo0000000G9zMAE,01s3i000001AtoAAAS
a6GDo0000000G8NMAU,01s3i000001AtoAAAS
a6GDo0000000FzWMAU,01s3i000001AtoAAAS
a6GDo0000000GGzMAM,01s3i000001AtoAAAS
a6GDo0000000FysMAE,01s3i000001AtoAAAS
a6GDo0000000FvZMAU,01s3i000001AtoAAAS
a6GDo0000000GHOMA2,01s3i000001AtoAAAS
a6GDo0000000FtZMAU,01s3i000001AtoAAAS
a6GDo0000000G6dMAE,01s3i000001AtoAAAS
a6GDo0000000FsmMAE,01s3i000001AtoAAAS
a6GDo0000000FrrMAE,01s3i000001AtoAAAS
a6GDo0000000Fg0MAE,01s3i000001AtoAAAS
a6GDo0000000GC2MAM,01s3i000001AtoAAAS
a6GDo0000000GICMA2,01s3i000001AtoAAAS
a6GDo0000000GIMMA2,01s3i000001AtoAAAS
a6GDo0000000G8OMAU,01s3i000001AtoAAAS
a6GDo0000000G2hMAE,01s3i000001AtoAAAS
a6GDo0000000FxHMAU,01s3i000001AtoAAAS
a6GDo0000000FzdMAE,01s3i000001AtoAAAS
a6GDo0000000G1WMAU,01s3i000001AtoAAAS
a6GDo0000000GJ0MAM,01s3i000001AtoAAAS
a6GDo0000000G4IMAU,01s3i000001AtoAAAS
a6GDo0000000GJ5MAM,01s3i000001AtoAAAS
a6GDo0000000G4YMAU,01s3i000001AtoAAAS
a6GDo0000000G4MMAU,01s3i000001AtoAAAS
a6GDo0000000G9WMAU,01s3i000001AtoAAAS
a6GDo0000000GJZMA2,01s3i000001AtoAAAS
a6GDo0000000FiSMAU,01s3i000001AtoAAAS
a6GDo0000000GFUMA2,01s3i000001AtoAAAS
a6GDo0000000GJoMAM,01s3i000001AtoAAAS
a6GDo0000000GD8MAM,01s3i000001AtoAAAS
a6GDo0000000FrOMAU,01s3i000001AtoAAAS
a6GDo0000000GK3MAM,01s3i000001AtoAAAS
a6GDo0000000GBOMA2,01s3i000001AtoAAAS
a6GDo0000000GGbMAM,01s3i000001AtoAAAS
a6GDo0000000GIDMA2,01s3i000001AtoAAAS
a6GDo0000000GKcMAM,01s3i000001AtoAAAS
a6GDo0000000G2uMAE,01s3i000001AtoAAAS
a6GDo0000000GL1MAM,01s3i000001AtoAAAS
a6GDo0000000G5oMAE,01s3i000001AtoAAAS
a6GDo0000000GL6MAM,01s3i000001AtoAAAS
a6GDo0000000GKTMA2,01s3i000001AtoAAAS
a6GDo0000000GLBMA2,01s3i000001AtoAAAS
a6GDo0000000GEkMAM,01s3i000001AtoAAAS
a6GDo0000000GLfMAM,01s3i000001AtoAAAS
a6GDo0000000FrsMAE,01s3i000001AtoAAAS
a6GDo0000000G10MAE,01s3i000001AtoAAAS
a6GDo0000000FlPMAU,01s3i000001AtoAAAS
a6GDo0000000Ff9MAE,01s3i000001AtoAAAS
a6GDo0000000GLzMAM,01s3i000001AtoAAAS
a6GDo0000000GM9MAM,01s3i000001AtoAAAS
a6GDo0000000GMEMA2,01s3i000001AtoAAAS
a6GDo0000000GMJMA2,01s3i000001AtoAAAS
a6GDo0000000Fs7MAE,01s3i000001AtoAAAS
a6GDo0000000GFyMAM,01s3i000001AtoAAAS
a6GDo0000000GMTMA2,01s3i000001AtoAAAS
a6GDo0000000GEaMAM,01s3i000001AtoAAAS
a6GDo0000000FlBMAU,01s3i000001AtoAAAS
a6GDo0000000GMiMAM,01s3i000001AtoAAAS
a6GDo0000000GApMAM,01s3i000001AtoAAAS
a6GDo0000000G7PMAU,01s3i000001AtoAAAS
a6GDo0000000FnQMAU,01s3i000001AtoAAAS
a6GDo0000000GJfMAM,01s3i000001AtoAAAS
a6GDo0000000GNlMAM,01s3i000001AtoAAAS
a6GDo0000000GFEMA2,01s3i000001AtoAAAS
a6GDo0000000GNvMAM,01s3i000001AtoAAAS
a6GDo0000000GEbMAM,01s3i000001AtoAAAS
a6GDo0000000GJHMA2,01s3i000001AtoAAAS
a6GDo0000000FqFMAU,01s3i000001AtoAAAS
a6GDo0000000GCeMAM,01s3i000001AtoAAAS
a6GDo0000000FpHMAU,01s3i000001AtoAAAS
a6GDo0000000GE2MAM,01s3i000001AtoAAAS
a6GDo0000000GKjMAM,01s3i000001AtoAAAS
a6GDo0000000FikMAE,01s3i000001AtoAAAS
a6GDo0000000G07MAE,01s3i000001AtoAAAS
a6GDo0000000GOoMAM,01s3i000001AtoAAAS
a6GDo0000000GPIMA2,01s3i000001AtoAAAS
a6GDo0000000GKYMA2,01s3i000001AtoAAAS
a6GDo0000000GPNMA2,01s3i000001AtoAAAS
a6GDo0000000Fr3MAE,01s3i000001AtoAAAS
a6GDo0000000FhSMAU,01s3i000001AtoAAAS
a6GDo0000000G3EMAU,01s3i000001AtoAAAS
a6GDo0000000FjUMAU,01s3i000001AtoAAAS
a6GDo0000000FyPMAU,01s3i000001AtoAAAS
a6GDo0000000GPhMAM,01s3i000001AtoAAAS
a6GDo0000000GPrMAM,01s3i000001AtoAAAS
a6GDo0000000GDrMAM,01s3i000001AtoAAAS
a6GDo0000000Fu9MAE,01s3i000001AtoAAAS
a6GDo0000000GQBMA2,01s3i000001AtoAAAS
a6GDo0000000G0dMAE,01s3i000001AtoAAAS
a6GDo0000000GAfMAM,01s3i000001AtoAAAS
a6GDo0000000GJLMA2,01s3i000001AtoAAAS
a6GDo0000000GBdMAM,01s3i000001AtoAAAS
a6GDo0000000Fh5MAE,01s3i000001AtoAAAS
a6GDo0000000FjVMAU,01s3i000001AtoAAAS
a6GDo0000000GQGMA2,01s3i000001AtoAAAS
a6GDo0000000GQLMA2,01s3i000001AtoAAAS
a6GDo0000000GIEMA2,01s3i000001AtoAAAS
a6GDo0000000GQkMAM,01s3i000001AtoAAAS
a6GDo0000000GQzMAM,01s3i000001AtoAAAS
a6GDo0000000FrEMAU,01s3i000001AtoAAAS
a6GDo0000000GEgMAM,01s3i000001AtoAAAS
a6GDo0000000GLgMAM,01s3i000001AtoAAAS
a6GDo0000000GRTMA2,01s3i000001AtoAAAS
a6GDo0000000GD9MAM,01s3i000001AtoAAAS
a6GDo0000000GBeMAM,01s3i000001AtoAAAS
a6GDo0000000FW1MAM,01s3i000001AtoAAAS
a6GDo0000000GF2MAM,01s3i000001AtoAAAS
a6GDo0000000GRnMAM,01s3i000001AtoAAAS
a6GDo0000000GBPMA2,01s3i000001AtoAAAS
a6GDo0000000GRsMAM,01s3i000001AtoAAAS
a6GDo0000000GSCMA2,01s3i000001AtoAAAS
a6GDo0000000FteMAE,01s3i000001AtoAAAS
a6GDo0000000GALMA2,01s3i000001AtoAAAS
a6GDo0000000GSRMA2,01s3i000001AtoAAAS
a6GDo0000000FvxMAE,01s3i000001AtoAAAS
a6GDo0000000GJBMA2,01s3i000001AtoAAAS
a6GDo0000000GRtMAM,01s3i000001AtoAAAS
a6GDo0000000FxgMAE,01s3i000001AtoAAAS
a6GDo0000000GT5MAM,01s3i000001AtoAAAS
a6GDo0000000FsDMAU,01s3i000001AtoAAAS
a6GDo0000000GA1MAM,01s3i000001AtoAAAS
a6GDo0000000GD5MAM,01s3i000001AtoAAAS
a6GDo0000000GI3MAM,01s3i000001AtoAAAS
a6GDo0000000FYGMA2,01s3i000001AtoAAAS
a6GDo0000000GElMAM,01s3i000001AtoAAAS
a6GDo0000000FcZMAU,01s3i000001AtoAAAS
a6GDo0000000GTyMAM,01s3i000001AtoAAAS
a6GDo0000000GJbMAM,01s3i000001AtoAAAS
a6GDo0000000GUIMA2,01s3i000001AtoAAAS
a6GDo0000000GTBMA2,01s3i000001AtoAAAS
a6GDo0000000GUXMA2,01s3i000001AtoAAAS
a6GDo0000000GA4MAM,01s3i000001AtoAAAS
a6GDo0000000GUwMAM,01s3i000001AtoAAAS
a6GDo0000000G7VMAU,01s3i000001AtoAAAS
a6GDo0000000Fj6MAE,01s3i000001AtoAAAS
a6GDo0000000FeVMAU,01s3i000001AtoAAAS
a6GDo0000000GSDMA2,01s3i000001AtoAAAS
a6GDo0000000GU9MAM,01s3i000001AtoAAAS
a6GDo0000000GI5MAM,01s3i000001AtoAAAS
a6GDo0000000GEpMAM,01s3i000001AtoAAAS
a6GDo0000000GIQMA2,01s3i000001AtoAAAS
a6GDo0000000GTVMA2,01s3i000001AtoAAAS
a6GDo0000000GFqMAM,01s3i000001AtoAAAS
a6GDo0000000Fi6MAE,01s3i000001AtoAAAS
a6GDo0000000GVWMA2,01s3i000001AtoAAAS
a6GDo0000000GVzMAM,01s3i000001AtoAAAS
a6GDo0000000FUmMAM,01s3i000001AtoAAAS
a6GDo0000000GW9MAM,01s3i000001AtoAAAS
a6GDo0000000GW4MAM,01s3i000001AtoAAAS
a6GDo0000000GWJMA2,01s3i000001AtoAAAS
a6GDo0000000GKVMA2,01s3i000001AtoAAAS
a6GDo0000000GWdMAM,01s3i000001AtoAAAS
a6GDo0000000GWiMAM,01s3i000001AtoAAAS
a6GDo0000000GNNMA2,01s3i000001AtoAAAS
a6GDo0000000G7WMAU,01s3i000001AtoAAAS
a6GDo0000000GNOMA2,01s3i000001AtoAAAS
a6GDo0000000G8EMAU,01s3i000001AtoAAAS
a6GDo0000000GHKMA2,01s3i000001AtoAAAS
a6GDo0000000FyIMAU,01s3i000001AtoAAAS
a6GDo0000000FaRMAU,01s3i000001AtoAAAS
a6GDo0000000GJCMA2,01s3i000001AtoAAAS
a6GDo0000000GObMAM,01s3i000001AtoAAAS
a6GDo0000000GKlMAM,01s3i000001AtoAAAS
a6GDo0000000GQWMA2,01s3i000001AtoAAAS
a6GDo0000000GM0MAM,01s3i000001AtoAAAS
a6GDo0000000GPZMA2,01s3i000001AtoAAAS
a6GDo0000000GA2MAM,01s3i000001AtoAAAS
a6GDo0000000GXHMA2,01s3i000001AtoAAAS
a6GDo0000000G0eMAE,01s3i000001AtoAAAS
a6GDo0000000GH2MAM,01s3i000001AtoAAAS
a6GDo0000000GDwMAM,01s3i000001AtoAAAS
a6GDo0000000GESMA2,01s3i000001AtoAAAS
a6GDo0000000GRFMA2,01s3i000001AtoAAAS
a6GDo0000000FtfMAE,01s3i000001AtoAAAS
a6GDo0000000GXqMAM,01s3i000001AtoAAAS
a6GDo0000000GXvMAM,01s3i000001AtoAAAS
a6GDo0000000GVHMA2,01s3i000001AtoAAAS
a6GDo0000000GY0MAM,01s3i000001AtoAAAS
a6GDo0000000GNAMA2,01s3i000001AtoAAAS
a6GDo0000000G0lMAE,01s3i000001AtoAAAS
a6GDo0000000GFGMA2,01s3i000001AtoAAAS
a6GDo0000000GH3MAM,01s3i000001AtoAAAS
a6GDo0000000GX3MAM,01s3i000001AtoAAAS
a6GDo0000000GGiMAM,01s3i000001AtoAAAS
a6GDo0000000GXUMA2,01s3i000001AtoAAAS
a6GDo0000000GYZMA2,01s3i000001AtoAAAS
a6GDo0000000G9fMAE,01s3i000001AtoAAAS
a6GDo0000000GX8MAM,01s3i000001AtoAAAS
a6GDo0000000G63MAE,01s3i000001AtoAAAS
a6GDo0000000GVYMA2,01s3i000001AtoAAAS
a6GDo0000000G5fMAE,01s3i000001AtoAAAS
a6GDo0000000GZ8MAM,01s3i000001AtoAAAS
a6GDo0000000GQXMA2,01s3i000001AtoAAAS
a6GDo0000000GXwMAM,01s3i000001AtoAAAS
a6GDo0000000GBJMA2,01s3i000001AtoAAAS
a6GDo0000000GJIMA2,01s3i000001AtoAAAS
a6GDo0000000Fx3MAE,01s3i000001AtoAAAS
a6GDo0000000G7jMAE,01s3i000001AtoAAAS
a6GDo0000000FXqMAM,01s3i000001AtoAAAS
a6GDo0000000GDKMA2,01s3i000001AtoAAAS
a6GDo0000000GYpMAM,01s3i000001AtoAAAS
a6GDo0000000FkWMAU,01s3i000001AtoAAAS
a6GDo0000000GZcMAM,01s3i000001AtoAAAS
a6GDo0000000GZhMAM,01s3i000001AtoAAAS
a6GDo0000000G17MAE,01s3i000001AtoAAAS
a6GDo0000000GGmMAM,01s3i000001AtoAAAS
a6GDo0000000GIxMAM,01s3i000001AtoAAAS
a6GDo0000000GYvMAM,01s3i000001AtoAAAS
a6GDo0000000GTCMA2,01s3i000001AtoAAAS
a6GDo0000000GJ6MAM,01s3i000001AtoAAAS
a6GDo0000000FnDMAU,01s3i000001AtoAAAS
a6GDo0000000GNoMAM,01s3i000001AtoAAAS
a6GDo0000000GH6MAM,01s3i000001AtoAAAS
a6GDo0000000GIuMAM,01s3i000001AtoAAAS
a6GDo0000000GafMAE,01s3i000001AtoAAAS
a6GDo0000000GNKMA2,01s3i000001AtoAAAS
a6GDo0000000GapMAE,01s3i000001AtoAAAS
a6GDo0000000GazMAE,01s3i000001AtoAAAS
a6GDo0000000Gb0MAE,01s3i000001AtoAAAS
a6GDo0000000G9gMAE,01s3i000001AtoAAAS
a6GDo0000000G5uMAE,01s3i000001AtoAAAS
a6GDo0000000G9hMAE,01s3i000001AtoAAAS
a6GDo0000000GUtMAM,01s3i000001AtoAAAS
a6GDo0000000GQ2MAM,01s3i000001AtoAAAS
a6GDo0000000GaRMAU,01s3i000001AtoAAAS
a6GDo0000000G4mMAE,01s3i000001AtoAAAS
a6GDo0000000GbnMAE,01s3i000001AtoAAAS
a6GDo0000000GbsMAE,01s3i000001AtoAAAS
a6GDo0000000G4iMAE,01s3i000001AtoAAAS
a6GDo0000000GU6MAM,01s3i000001AtoAAAS
a6GDo0000000GQ9MAM,01s3i000001AtoAAAS
a6GDo0000000GOsMAM,01s3i000001AtoAAAS
a6GDo0000000GDBMA2,01s3i000001AtoAAAS
a6GDo0000000G2VMAU,01s3i000001AtoAAAS
a6GDo0000000GcWMAU,01s3i000001AtoAAAS
a6GDo0000000GZPMA2,01s3i000001AtoAAAS
a6GDo0000000GI1MAM,01s3i000001AtoAAAS
a6GDo0000000G64MAE,01s3i000001AtoAAAS
a6GDo0000000GM2MAM,01s3i000001AtoAAAS
a6GDo0000000FvFMAU,01s3i000001AtoAAAS
a6GDo0000000FUnMAM,01s3i000001AtoAAAS
a6GDo0000000GcSMAU,01s3i000001AtoAAAS
a6GDo0000000G4xMAE,01s3i000001AtoAAAS
a6GDo0000000GNeMAM,01s3i000001AtoAAAS
a6GDo0000000GOQMA2,01s3i000001AtoAAAS
a6GDo0000000GLSMA2,01s3i000001AtoAAAS
a6GDo0000000GarMAE,01s3i000001AtoAAAS
a6GDo0000000GXnMAM,01s3i000001AtoAAAS
a6GDo0000000GACMA2,01s3i000001AtoAAAS
a6GDo0000000GXBMA2,01s3i000001AtoAAAS
a6GDo0000000Gd1MAE,01s3i000001AtoAAAS
a6GDo0000000GdUMAU,01s3i000001AtoAAAS
a6GDo0000000GcmMAE,01s3i000001AtoAAAS
a6GDo0000000Gd2MAE,01s3i000001AtoAAAS
a6GDo0000000FtNMAU,01s3i000001AtoAAAS
a6GDo0000000G6HMAU,01s3i000001AtoAAAS
a6GDo0000000GdjMAE,01s3i000001AtoAAAS
a6GDo0000000G8FMAU,01s3i000001AtoAAAS
a6GDo0000000FxmMAE,01s3i000001AtoAAAS
a6GDo0000000FYgMAM,01s3i000001AtoAAAS
a6GDo0000000GF6MAM,01s3i000001AtoAAAS
a6GDo0000000GehMAE,01s3i000001AtoAAAS
a6GDo0000000GdpMAE,01s3i000001AtoAAAS
a6GDo0000000GcYMAU,01s3i000001AtoAAAS
a6GDo0000000FnWMAU,01s3i000001AtoAAAS
a6GDo0000000Fk8MAE,01s3i000001AtoAAAS
a6GDo0000000GfBMAU,01s3i000001AtoAAAS
a6GDo0000000FnHMAU,01s3i000001AtoAAAS
a6GDo0000000GfCMAU,01s3i000001AtoAAAS
a6GDo0000000GJEMA2,01s3i000001AtoAAAS
a6GDo0000000FwFMAU,01s3i000001AtoAAAS
a6GDo0000000FrtMAE,01s3i000001AtoAAAS
a6GDo0000000GfzMAE,01s3i000001AtoAAAS
a6GDo0000000GL3MAM,01s3i000001AtoAAAS
a6GDo0000000G1DMAU,01s3i000001AtoAAAS
a6GDo0000000G8VMAU,01s3i000001AtoAAAS
a6GDo0000000GgTMAU,01s3i000001AtoAAAS
a6GDo0000000GeiMAE,01s3i000001AtoAAAS
a6GDo0000000FsQMAU,01s3i000001AtoAAAS
a6GDo0000000FvbMAE,01s3i000001AtoAAAS
a6GDo0000000Fm4MAE,01s3i000001AtoAAAS
a6GDo0000000GIkMAM,01s3i000001AtoAAAS
a6GDo0000000Fi8MAE,01s3i000001AtoAAAS
a6GDo0000000GYbMAM,01s3i000001AtoAAAS
a6GDo0000000Gh2MAE,01s3i000001AtoAAAS
a6GDo0000000GUOMA2,01s3i000001AtoAAAS
a6GDo0000000FrxMAE,01s3i000001AtoAAAS
a6GDo0000000GhCMAU,01s3i000001AtoAAAS
a6GDo0000000GhHMAU,01s3i000001AtoAAAS
a6GDo0000000GOJMA2,01s3i000001AtoAAAS
a6GDo0000000GhMMAU,01s3i000001AtoAAAS
a6GDo0000000GhWMAU,01s3i000001AtoAAAS
a6GDo0000000GabMAE,01s3i000001AtoAAAS
a6GDo0000000GfvMAE,01s3i000001AtoAAAS
a6GDo0000000GMCMA2,01s3i000001AtoAAAS
a6GDo0000000GXpMAM,01s3i000001AtoAAAS
a6GDo0000000GdgMAE,01s3i000001AtoAAAS
a6GDo0000000GhvMAE,01s3i000001AtoAAAS
a6GDo0000000GEnMAM,01s3i000001AtoAAAS
a6GDo0000000GZJMA2,01s3i000001AtoAAAS
a6GDo0000000GTgMAM,01s3i000001AtoAAAS
a6GDo0000000GiKMAU,01s3i000001AtoAAAS
a6GDo0000000Ga2MAE,01s3i000001AtoAAAS
a6GDo0000000GFbMAM,01s3i000001AtoAAAS
a6GDo0000000GWXMA2,01s3i000001AtoAAAS
a6GDo0000000GjDMAU,01s3i000001AtoAAAS
a6GDo0000000GhDMAU,01s3i000001AtoAAAS
a6GDo0000000GjNMAU,01s3i000001AtoAAAS
a6GDo0000000GjXMAU,01s3i000001AtoAAAS
a6GDo0000000GjcMAE,01s3i000001AtoAAAS
a6GDo0000000GjiMAE,01s3i000001AtoAAAS
a6GDo0000000GjrMAE,01s3i000001AtoAAAS
a6GDo0000000GYHMA2,01s3i000001AtoAAAS
a6GDo0000000GZiMAM,01s3i000001AtoAAAS
a6GDo0000000GjJMAU,01s3i000001AtoAAAS
a6GDo0000000Gk1MAE,01s3i000001AtoAAAS
a6GDo0000000GiVMAU,01s3i000001AtoAAAS
a6GDo0000000Gk6MAE,01s3i000001AtoAAAS
a6GDo0000000GjdMAE,01s3i000001AtoAAAS
a6GDo0000000GkQMAU,01s3i000001AtoAAAS
a6GDo0000000GMmMAM,01s3i000001AtoAAAS
a6GDo0000000GjjMAE,01s3i000001AtoAAAS
a6GDo0000000GkaMAE,01s3i000001AtoAAAS
a6GDo0000000GSTMA2,01s3i000001AtoAAAS
a6GDo0000000GkbMAE,01s3i000001AtoAAAS
a6GDo0000000GetMAE,01s3i000001AtoAAAS
a6GDo0000000GkfMAE,01s3i000001AtoAAAS
a6GDo0000000FrFMAU,01s3i000001AtoAAAS
a6GDo0000000Fo6MAE,01s3i000001AtoAAAS
a6GDo0000000GRrMAM,01s3i000001AtoAAAS
a6GDo0000000GVZMA2,01s3i000001AtoAAAS
a6GDo0000000GKoMAM,01s3i000001AtoAAAS
a6GDo0000000GikMAE,01s3i000001AtoAAAS
a6GDo0000000GlEMAU,01s3i000001AtoAAAS
a6GDo0000000GTXMA2,01s3i000001AtoAAAS
a6GDo0000000GfWMAU,01s3i000001AtoAAAS
a6GDo0000000GTRMA2,01s3i000001AtoAAAS
a6GDo0000000GldMAE,01s3i000001AtoAAAS
a6GDo0000000GlUMAU,01s3i000001AtoAAAS
a6GDo0000000GjlMAE,01s3i000001AtoAAAS
a6GDo0000000GfIMAU,01s3i000001AtoAAAS
a6GDo0000000GlsMAE,01s3i000001AtoAAAS
a6GDo0000000GHkMAM,01s3i000001AtoAAAS
a6GDo0000000GGqMAM,01s3i000001AtoAAAS
a6GDo0000000Gm7MAE,01s3i000001AtoAAAS
a6GDo0000000FdoMAE,01s3i000001AtoAAAS
a6GDo0000000GjnMAE,01s3i000001AtoAAAS
a6GDo0000000FiAMAU,01s3i000001AtoAAAS
a6GDo0000000GhTMAU,01s3i000001AtoAAAS
a6GDo0000000GmMMAU,01s3i000001AtoAAAS
a6GDo0000000GHmMAM,01s3i000001AtoAAAS
a6GDo0000000GjKMAU,01s3i000001AtoAAAS
a6GDo0000000GmSMAU,01s3i000001AtoAAAS
a6GDo0000000GX4MAM,01s3i000001AtoAAAS
a6GDo0000000GSaMAM,01s3i000001AtoAAAS
a6GDo0000000GP1MAM,01s3i000001AtoAAAS
a6GDo0000000GnAMAU,01s3i000001AtoAAAS
a6GDo0000000GQSMA2,01s3i000001AtoAAAS
a6GDo0000000GiQMAU,01s3i000001AtoAAAS
a6GDo0000000FzhMAE,01s3i000001AtoAAAS
a6GDo0000000GnyMAE,01s3i000001AtoAAAS
a6GDo0000000Go3MAE,01s3i000001AtoAAAS
a6GDo0000000GntMAE,01s3i000001AtoAAAS
a6GDo0000000GawMAE,01s3i000001AtoAAAS
a6GDo0000000GVcMAM,01s3i000001AtoAAAS
a6GDo0000000GoIMAU,01s3i000001AtoAAAS
a6GDo0000000GgPMAU,01s3i000001AtoAAAS
a6GDo0000000GY8MAM,01s3i000001AtoAAAS
a6GDo0000000GocMAE,01s3i000001AtoAAAS
a6GDo0000000GorMAE,01s3i000001AtoAAAS
a6GDo0000000GowMAE,01s3i000001AtoAAAS
a6GDo0000000GgQMAU,01s3i000001AtoAAAS
a6GDo0000000G3VMAU,01s3i000001AtoAAAS
a6GDo0000000GpLMAU,01s3i000001AtoAAAS
a6GDo0000000GhBMAU,01s3i000001AtoAAAS
a6GDo0000000GpVMAU,01s3i000001AtoAAAS
a6GDo0000000GpaMAE,01s3i000001AtoAAAS
a6GDo0000000GadMAE,01s3i000001AtoAAAS
a6GDo0000000GppMAE,01s3i000001AtoAAAS
a6GDo0000000GJ3MAM,01s3i000001AtoAAAS
a6GDo0000000GqOMAU,01s3i000001AtoAAAS
a6GDo0000000GqYMAU,01s3i000001AtoAAAS
a6GDo0000000GoyMAE,01s3i000001AtoAAAS
a6GDo0000000GosMAE,01s3i000001AtoAAAS
a6GDo0000000GfbMAE,01s3i000001AtoAAAS
a6GDo0000000Gq5MAE,01s3i000001AtoAAAS
a6GDo0000000GrMMAU,01s3i000001AtoAAAS
a6GDo0000000FiLMAU,01s3i000001AtoAAAS
a6GDo0000000GrgMAE,01s3i000001AtoAAAS
a6GDo0000000GrqMAE,01s3i000001AtoAAAS
a6GDo0000000GsFMAU,01s3i000001AtoAAAS
a6GDo0000000GqjMAE,01s3i000001AtoAAAS
a6GDo0000000GnQMAU,01s3i000001AtoAAAS
a6GDo0000000GalMAE,01s3i000001AtoAAAS
a6GDo0000000GmIMAU,01s3i000001AtoAAAS
a6GDo0000000GmcMAE,01s3i000001AtoAAAS
a6GDo0000000G56MAE,01s3i000001AtoAAAS
a6GDo0000000GtcMAE,01s3i000001AtoAAAS
a6GDo0000000GtmMAE,01s3i000001AtoAAAS
a6GDo0000000GtOMAU,01s3i000001AtoAAAS
a6GDo0000000FjdMAE,01s3i000001AtoAAAS
a6GDo0000000GuGMAU,01s3i000001AtoAAAS
a6GDo0000000GaxMAE,01s3i000001AtoAAAS
a6GDo0000000GuQMAU,01s3i000001AtoAAAS
a6GDo0000000FlUMAU,01s3i000001AtoAAAS
a6GDo0000000GukMAE,01s3i000001AtoAAAS
a6GDo0000000GjZMAU,01s3i000001AtoAAAS
a6GDo0000000GpSMAU,01s3i000001AtoAAAS
a6GDo0000000GcnMAE,01s3i000001AtoAAAS
a6GDo0000000GSVMA2,01s3i000001AtoAAAS
a6GDo0000000GbaMAE,01s3i000001AtoAAAS
a6GDo0000000GqUMAU,01s3i000001AtoAAAS
a6GDo0000000GaOMAU,01s3i000001AtoAAAS
a6GDo0000000GmhMAE,01s3i000001AtoAAAS
a6GDo0000000GiqMAE,01s3i000001AtoAAAS
a6GDo0000000GevMAE,01s3i000001AtoAAAS
a6GDo0000000FzSMAU,01s3i000001AtoAAAS
a6GDo0000000GwWMAU,01s3i000001AtoAAAS
a6GDo0000000GojMAE,01s3i000001AtoAAAS
a6GDo0000000GmiMAE,01s3i000001AtoAAAS
a6GDo0000000GknMAE,01s3i000001AtoAAAS
a6GDo0000000GkMMAU,01s3i000001AtoAAAS
a6GDo0000000G7NMAU,01s3i000001AtoAAAS
a6GDo0000000Gv5MAE,01s3i000001AtoAAAS
a6GDo0000000GbcMAE,01s3i000001AtoAAAS
a6GDo0000000GxKMAU,01s3i000001AtoAAAS
a6GDo0000000FosMAE,01s3i000001AtoAAAS
a6GDo0000000GpbMAE,01s3i000001AtoAAAS
a6GDo0000000Ga4MAE,01s3i000001AtoAAAS
a6GDo0000000GVUMA2,01s3i000001AtoAAAS
a6GDo0000000GglMAE,01s3i000001AtoAAAS
a6GDo0000000GvoMAE,01s3i000001AtoAAAS
a6GDo0000000GxjMAE,01s3i000001AtoAAAS
a6GDo0000000Gs2MAE,01s3i000001AtoAAAS
a6GDo0000000GxfMAE,01s3i000001AtoAAAS
a6GDo0000000GtQMAU,01s3i000001AtoAAAS
a6GDo0000000GxyMAE,01s3i000001AtoAAAS
a6GDo0000000GqLMAU,01s3i000001AtoAAAS
a6GDo0000000Gs3MAE,01s3i000001AtoAAAS
a6GDo0000000Fz2MAE,01s3i000001AtoAAAS
a6GDo0000000GkNMAU,01s3i000001AtoAAAS
a6GDo0000000GyDMAU,01s3i000001AtoAAAS
a6GDo0000000GyNMAU,01s3i000001AtoAAAS
a6GDo0000000GwNMAU,01s3i000001AtoAAAS
a6GDo0000000GhxMAE,01s3i000001AtoAAAS
a6GDo0000000GNLMA2,01s3i000001AtoAAAS
a6GDo0000000GkWMAU,01s3i000001AtoAAAS
a6GDo0000000GyrMAE,01s3i000001AtoAAAS
a6GDo0000000GuvMAE,01s3i000001AtoAAAS
a6GDo0000000FrZMAU,01s3i000001AtoAAAS
a6GDo0000000GxqMAE,01s3i000001AtoAAAS
a6GDo0000000Gx7MAE,01s3i000001AtoAAAS
a6GDo0000000Gz1MAE,01s3i000001AtoAAAS
a6GDo0000000GtnMAE,01s3i000001AtoAAAS
a6GDo0000000GzLMAU,01s3i000001AtoAAAS
a6GDo0000000GueMAE,01s3i000001AtoAAAS
a6GDo0000000GJrMAM,01s3i000001AtoAAAS
a6GDo0000000GuCMAU,01s3i000001AtoAAAS
a6GDo0000000GR1MAM,01s3i000001AtoAAAS
a6GDo0000000GzaMAE,01s3i000001AtoAAAS
a6GDo0000000GzfMAE,01s3i000001AtoAAAS
a6GDo0000000GzkMAE,01s3i000001AtoAAAS
a6GDo0000000GzpMAE,01s3i000001AtoAAAS
a6GDo0000000GzzMAE,01s3i000001AtoAAAS
a6GDo0000000GayMAE,01s3i000001AtoAAAS
a6GDo0000000GvyMAE,01s3i000001AtoAAAS
a6GDo0000000GreMAE,01s3i000001AtoAAAS
a6GDo0000000FziMAE,01s3i000001AtoAAAS
a6GDo0000000GFBMA2,01s3i000001AtoAAAS
a6GDo0000000GMuMAM,01s3i000001AtoAAAS
a6GDo0000000H1qMAE,01s3i000001AtoAAAS
a6GDo0000000Gi7MAE,01s3i000001AtoAAAS
a6GDo0000000GjCMAU,01s3i000001AtoAAAS
a6GDo0000000GhPMAU,01s3i000001AtoAAAS
a6GDo0000000H2KMAU,01s3i000001AtoAAAS
a6GDo0000000GsXMAU,01s3i000001AtoAAAS
a6GDo0000000H2UMAU,01s3i000001AtoAAAS
a6GDo0000000H2yMAE,01s3i000001AtoAAAS
a6GDo0000000GyyMAE,01s3i000001AtoAAAS
a6GDo0000000H3mMAE,01s3i000001AtoAAAS
a6GDo0000000H41MAE,01s3i000001AtoAAAS
a6GDo0000000H4BMAU,01s3i000001AtoAAAS
a6GDo0000000H4GMAU,01s3i000001AtoAAAS
a6GDo0000000H0yMAE,01s3i000001AtoAAAS
a6GDo0000000GhKMAU,01s3i000001AtoAAAS
a6GDo0000000H2MMAU,01s3i000001AtoAAAS
a6GDo0000000GaIMAU,01s3i000001AtoAAAS
a6GDo0000000FhoMAE,01s3i000001AtoAAAS
a6GDo0000000Gq7MAE,01s3i000001AtoAAAS
a6GDo0000000GURMA2,01s3i000001AtoAAAS
a6GDo0000000H5dMAE,01s3i000001AtoAAAS
a6GDo0000000GaJMAU,01s3i000001AtoAAAS
a6GDo0000000H5FMAU,01s3i000001AtoAAAS
a6GDo0000000GqQMAU,01s3i000001AtoAAAS
a6GDo0000000H5GMAU,01s3i000001AtoAAAS
a6GDo0000000H4lMAE,01s3i000001AtoAAAS
a6GDo0000000H5xMAE,01s3i000001AtoAAAS
a6GDo0000000H2aMAE,01s3i000001AtoAAAS
a6GDo0000000GnLMAU,01s3i000001AtoAAAS
a6GDo0000000GkUMAU,01s3i000001AtoAAAS
a6GDo0000000GwEMAU,01s3i000001AtoAAAS
a6GDo0000000H6RMAU,01s3i000001AtoAAAS
a6GDo0000000GkCMAU,01s3i000001AtoAAAS
a6GDo0000000FpWMAU,01s3i000001AtoAAAS
a6GDo0000000GwSMAU,01s3i000001AtoAAAS
a6GDo0000000H6bMAE,01s3i000001AtoAAAS
a6GDo0000000GnEMAU,01s3i000001AtoAAAS
a6GDo0000000H5eMAE,01s3i000001AtoAAAS
a6GDo0000000GkDMAU,01s3i000001AtoAAAS
a6GDo0000000H6qMAE,01s3i000001AtoAAAS
a6GDo0000000GNEMA2,01s3i000001AtoAAAS
a6GDo0000000GMzMAM,01s3i000001AtoAAAS
a6GDo0000000GkrMAE,01s3i000001AtoAAAS
a6GDo0000000H70MAE,01s3i000001AtoAAAS
a6GDo0000000H7BMAU,01s3i000001AtoAAAS
a6GDo0000000H7ZMAU,01s3i000001AtoAAAS
a6GDo0000000GzbMAE,01s3i000001AtoAAAS
a6GDo0000000GxcMAE,01s3i000001AtoAAAS
a6GDo0000000GmNMAU,01s3i000001AtoAAAS
a6GDo0000000H7yMAE,01s3i000001AtoAAAS
a6GDo0000000GHCMA2,01s3i000001AtoAAAS
a6GDo0000000GoEMAU,01s3i000001AtoAAAS
a6GDo0000000H88MAE,01s3i000001AtoAAAS
a6GDo0000000GvRMAU,01s3i000001AtoAAAS
a6GDo0000000H8DMAU,01s3i000001AtoAAAS
a6GDo0000000GzlMAE,01s3i000001AtoAAAS
a6GDo0000000GwPMAU,01s3i000001AtoAAAS
a6GDo0000000GrGMAU,01s3i000001AtoAAAS
a6GDo0000000GrjMAE,01s3i000001AtoAAAS
a6GDo0000000GvtMAE,01s3i000001AtoAAAS
a6GDo0000000H0tMAE,01s3i000001AtoAAAS
a6GDo0000000H8XMAU,01s3i000001AtoAAAS
a6GDo0000000GxdMAE,01s3i000001AtoAAAS
a6GDo0000000GjxMAE,01s3i000001AtoAAAS
a6GDo0000000GhuMAE,01s3i000001AtoAAAS
a6GDo0000000H4SMAU,01s3i000001AtoAAAS
a6GDo0000000GzqMAE,01s3i000001AtoAAAS
a6GDo0000000H9LMAU,01s3i000001AtoAAAS
a6GDo0000000Gt1MAE,01s3i000001AtoAAAS
a6GDo0000000H9RMAU,01s3i000001AtoAAAS
a6GDo0000000H9VMAU,01s3i000001AtoAAAS
a6GDo0000000GAlMAM,01s3i000001AtoAAAS
a6GDo0000000GNFMA2,01s3i000001AtoAAAS
a6GDo0000000FymMAE,01s3i000001AtoAAAS
a6GDo0000000H9pMAE,01s3i000001AtoAAAS
a6GDo0000000H9uMAE,01s3i000001AtoAAAS
a6GDo0000000H9zMAE,01s3i000001AtoAAAS
a6GDo0000000Gj4MAE,01s3i000001AtoAAAS
a6GDo0000000HAEMA2,01s3i000001AtoAAAS
a6GDo0000000FynMAE,01s3i000001AtoAAAS
a6GDo0000000HATMA2,01s3i000001AtoAAAS
a6GDo0000000H7pMAE,01s3i000001AtoAAAS
a6GDo0000000GDtMAM,01s3i000001AtoAAAS
a6GDo0000000HA0MAM,01s3i000001AtoAAAS
a6GDo0000000GuhMAE,01s3i000001AtoAAAS
a6GDo0000000GzTMAU,01s3i000001AtoAAAS
a6GDo0000000H5aMAE,01s3i000001AtoAAAS
a6GDo0000000GpIMAU,01s3i000001AtoAAAS
a6GDo0000000GxlMAE,01s3i000001AtoAAAS
a6GDo0000000GS9MAM,01s3i000001AtoAAAS
a6GDo0000000H4CMAU,01s3i000001AtoAAAS
a6GDo0000000GDhMAM,01s3i000001AtoAAAS
a6GDo0000000H9HMAU,01s3i000001AtoAAAS
a6GDo0000000HAyMAM,01s3i000001AtoAAAS
a6GDo0000000H5cMAE,01s3i000001AtoAAAS
a6GDo0000000HCKMA2,01s3i000001AtoAAAS
a6GDo0000000H1eMAE,01s3i000001AtoAAAS
a6GDo0000000H7HMAU,01s3i000001AtoAAAS
a6GDo0000000HCPMA2,01s3i000001AtoAAAS
a6GDo0000000GrkMAE,01s3i000001AtoAAAS
a6GDo0000000Gr4MAE,01s3i000001AtoAAAS
a6GDo0000000GVPMA2,01s3i000001AtoAAAS
a6GDo0000000GfDMAU,01s3i000001AtoAAAS
a6GDo0000000HCyMAM,01s3i000001AtoAAAS
a6GDo0000000GiSMAU,01s3i000001AtoAAAS
a6GDo0000000HDNMA2,01s3i000001AtoAAAS
a6GDo0000000H57MAE,01s3i000001AtoAAAS
a6GDo0000000GkEMAU,01s3i000001AtoAAAS
a6GDo0000000GpsMAE,01s3i000001AtoAAAS
a6GDo0000000H8ZMAU,01s3i000001AtoAAAS
a6GDo0000000H6JMAU,01s3i000001AtoAAAS
a6GDo0000000Gh0MAE,01s3i000001AtoAAAS
a6GDo0000000HDhMAM,01s3i000001AtoAAAS
a6GDo0000000GpAMAU,01s3i000001AtoAAAS
a6GDo0000000HE1MAM,01s3i000001AtoAAAS
a6GDo0000000H1aMAE,01s3i000001AtoAAAS
a6GDo0000000HE6MAM,01s3i000001AtoAAAS
a6GDo0000000HEGMA2,01s3i000001AtoAAAS
a6GDo0000000HBwMAM,01s3i000001AtoAAAS
a6GDo0000000GmVMAU,01s3i000001AtoAAAS
a6GDo0000000H1GMAU,01s3i000001AtoAAAS
a6GDo0000000GwZMAU,01s3i000001AtoAAAS
a6GDo0000000HEfMAM,01s3i000001AtoAAAS
a6GDo0000000HEpMAM,01s3i000001AtoAAAS
a6GDo0000000G7zMAE,01s3i000001AtoAAAS
a6GDo0000000HFJMA2,01s3i000001AtoAAAS
a6GDo0000000H8CMAU,01s3i000001AtoAAAS
a6GDo0000000H9SMAU,01s3i000001AtoAAAS
a6GDo0000000H8aMAE,01s3i000001AtoAAAS
a6GDo0000000HAtMAM,01s3i000001AtoAAAS
a6GDo0000000HEvMAM,01s3i000001AtoAAAS
a6GDo0000000HFxMAM,01s3i000001AtoAAAS
a6GDo0000000HG2MAM,01s3i000001AtoAAAS
a6GDo0000000GBnMAM,01s3i000001AtoAAAS
a6GDo0000000HGCMA2,01s3i000001AtoAAAS
a6GDo0000000GRHMA2,01s3i000001AtoAAAS
a6GDo0000000Fq1MAE,01s3i000001AtoAAAS
a6GDo0000000H1xMAE,01s3i000001AtoAAAS
a6GDo0000000HF5MAM,01s3i000001AtoAAAS
a6GDo0000000HEqMAM,01s3i000001AtoAAAS
a6GDo0000000HGMMA2,01s3i000001AtoAAAS
a6GDo0000000H65MAE,01s3i000001AtoAAAS
a6GDo0000000HDiMAM,01s3i000001AtoAAAS
a6GDo0000000HBrMAM,01s3i000001AtoAAAS
a6GDo0000000HH6MAM,01s3i000001AtoAAAS
a6GDo0000000GxnMAE,01s3i000001AtoAAAS
a6GDo0000000GopMAE,01s3i000001AtoAAAS
a6GDo0000000HHUMA2,01s3i000001AtoAAAS
a6GDo0000000H8TMAU,01s3i000001AtoAAAS
a6GDo0000000GvHMAU,01s3i000001AtoAAAS
a6GDo0000000GcKMAU,01s3i000001AtoAAAS
a6GDo0000000H7qMAE,01s3i000001AtoAAAS
a6GDo0000000HFLMA2,01s3i000001AtoAAAS
a6GDo0000000HIDMA2,01s3i000001AtoAAAS
a6GDo0000000H6cMAE,01s3i000001AtoAAAS
a6GDo0000000GiGMAU,01s3i000001AtoAAAS
a6GDo0000000HHBMA2,01s3i000001AtoAAAS
a6GDo0000000GJnMAM,01s3i000001AtoAAAS
a6GDo0000000HF1MAM,01s3i000001AtoAAAS
a6GDo0000000H93MAE,01s3i000001AtoAAAS
a6GDo0000000HGwMAM,01s3i000001AtoAAAS
a6GDo0000000HCaMAM,01s3i000001AtoAAAS
a6GDo0000000Gh1MAE,01s3i000001AtoAAAS
a6GDo0000000HD5MAM,01s3i000001AtoAAAS
a6GDo0000000GXPMA2,01s3i000001AtoAAAS
a6GDo0000000H3xMAE,01s3i000001AtoAAAS
a6GDo0000000H6tMAE,01s3i000001AtoAAAS
a6GDo0000000GtuMAE,01s3i000001AtoAAAS
a6GDo0000000H1tMAE,01s3i000001AtoAAAS
a6GDo0000000GgpMAE,01s3i000001AtoAAAS
a6GDo0000000H4UMAU,01s3i000001AtoAAAS
a6GDo0000000H44MAE,01s3i000001AtoAAAS
a6GDo0000000HAVMA2,01s3i000001AtoAAAS
a6GDo0000000GX1MAM,01s3i000001AtoAAAS
a6GDo0000000HArMAM,01s3i000001AtoAAAS
a6GDo0000000GDdMAM,01s3i000001AtoAAAS
a6GDo0000000HKEMA2,01s3i000001AtoAAAS
a6GDo0000000GDzMAM,01s3i000001AtoAAAS
a6GDo0000000G47MAE,01s3i000001AtoAAAS
a6GDo0000000HKnMAM,01s3i000001AtoAAAS
a6GDo0000000Gn3MAE,01s3i000001AtoAAAS
a6GDo0000000HIxMAM,01s3i000001AtoAAAS
a6GDo0000000GwpMAE,01s3i000001AtoAAAS
a6GDo0000000HERMA2,01s3i000001AtoAAAS
a6GDo0000000H9TMAU,01s3i000001AtoAAAS
a6GDo0000000H2TMAU,01s3i000001AtoAAAS
a6GDo0000000GUzMAM,01s3i000001AtoAAAS
a6GDo0000000HLvMAM,01s3i000001AtoAAAS
a6GDo0000000GLnMAM,01s3i000001AtoAAAS
a6GDo0000000HMAMA2,01s3i000001AtoAAAS
a6GDo0000000Gy7MAE,01s3i000001AtoAAAS
a6GDo0000000GZTMA2,01s3i000001AtoAAAS
a6GDo0000000HIOMA2,01s3i000001AtoAAAS
a6GDo0000000HM1MAM,01s3i000001AtoAAAS
a6GDo0000000HN3MAM,01s3i000001AtoAAAS
a6GDo0000000H0hMAE,01s3i000001AtoAAAS
a6GDo0000000GoAMAU,01s3i000001AtoAAAS
a6GDo0000000HNhMAM,01s3i000001AtoAAAS
a6GDo0000000HLeMAM,01s3i000001AtoAAAS
a6GDo0000000HNwMAM,01s3i000001AtoAAAS
a6GDo0000000GRIMA2,01s3i000001AtoAAAS
a6GDo0000000HKXMA2,01s3i000001AtoAAAS
a6GDo0000000HOQMA2,01s3i000001AtoAAAS
a6GDo0000000GvDMAU,01s3i000001AtoAAAS
a6GDo0000000GcLMAU,01s3i000001AtoAAAS
a6GDo0000000GbDMAU,01s3i000001AtoAAAS
a6GDo0000000HOaMAM,01s3i000001AtoAAAS
a6GDo0000000HDAMA2,01s3i000001AtoAAAS
a6GDo0000000GdQMAU,01s3i000001AtoAAAS
a6GDo0000000HLIMA2,01s3i000001AtoAAAS
a6GDo0000000HLwMAM,01s3i000001AtoAAAS
a6GDo0000000HOuMAM,01s3i000001AtoAAAS
a6GDo0000000HOzMAM,01s3i000001AtoAAAS
a6GDo0000000HPJMA2,01s3i000001AtoAAAS
a6GDo0000000HPOMA2,01s3i000001AtoAAAS
a6GDo0000000GvIMAU,01s3i000001AtoAAAS
a6GDo0000000HPYMA2,01s3i000001AtoAAAS
a6GDo0000000HDFMA2,01s3i000001AtoAAAS
a6GDo0000000GO4MAM,01s3i000001AtoAAAS
a6GDo0000000H4YMAU,01s3i000001AtoAAAS
a6GDo0000000H86MAE,01s3i000001AtoAAAS
a6GDo0000000HIPMA2,01s3i000001AtoAAAS
a6GDo0000000HOqMAM,01s3i000001AtoAAAS
a6GDo0000000G48MAE,01s3i000001AtoAAAS
a6GDo0000000H5XMAU,01s3i000001AtoAAAS
a6GDo0000000Gj0MAE,01s3i000001AtoAAAS
a6GDo0000000HQ7MAM,01s3i000001AtoAAAS
a6GDo0000000GECMA2,01s3i000001AtoAAAS
a6GDo0000000HQRMA2,01s3i000001AtoAAAS
a6GDo0000000HOcMAM,01s3i000001AtoAAAS
a6GDo0000000GcpMAE,01s3i000001AtoAAAS
a6GDo0000000HMMMA2,01s3i000001AtoAAAS
a6GDo0000000HOHMA2,01s3i000001AtoAAAS
a6GDo0000000HPyMAM,01s3i000001AtoAAAS
a6GDo0000000HQgMAM,01s3i000001AtoAAAS
a6GDo0000000GdiMAE,01s3i000001AtoAAAS
a6GDo0000000HQlMAM,01s3i000001AtoAAAS
a6GDo0000000HHLMA2,01s3i000001AtoAAAS
a6GDo0000000GY3MAM,01s3i000001AtoAAAS
a6GDo0000000HQ8MAM,01s3i000001AtoAAAS
a6GDo0000000HRUMA2,01s3i000001AtoAAAS
a6GDo0000000Gz7MAE,01s3i000001AtoAAAS
a6GDo0000000H4ZMAU,01s3i000001AtoAAAS
a6GDo0000000HRtMAM,01s3i000001AtoAAAS
a6GDo0000000HRyMAM,01s3i000001AtoAAAS
a6GDo0000000HMuMAM,01s3i000001AtoAAAS
a6GDo0000000Gf9MAE,01s3i000001AtoAAAS
a6GDo0000000GLiMAM,01s3i000001AtoAAAS
a6GDo0000000HQwMAM,01s3i000001AtoAAAS
a6GDo0000000HSSMA2,01s3i000001AtoAAAS
a6GDo0000000GEJMA2,01s3i000001AtoAAAS
a6GDo0000000HOCMA2,01s3i000001AtoAAAS
a6GDo0000000HHGMA2,01s3i000001AtoAAAS
a6GDo0000000HM3MAM,01s3i000001AtoAAAS
a6GDo0000000HIeMAM,01s3i000001AtoAAAS
a6GDo0000000H0KMAU,01s3i000001AtoAAAS
a6GDo0000000HSnMAM,01s3i000001AtoAAAS
a6GDo0000000HTQMA2,01s3i000001AtoAAAS
a6GDo0000000HK8MAM,01s3i000001AtoAAAS
a6GDo0000000HTuMAM,01s3i000001AtoAAAS
a6GDo0000000HDgMAM,01s3i000001AtoAAAS
a6GDo0000000HRVMA2,01s3i000001AtoAAAS
a6GDo0000000GyqMAE,01s3i000001AtoAAAS
a6GDo0000000HTDMA2,01s3i000001AtoAAAS
a6GDo0000000HO7MAM,01s3i000001AtoAAAS
a6GDo0000000G4qMAE,01s3i000001AtoAAAS
a6GDo0000000HPFMA2,01s3i000001AtoAAAS
a6GDo0000000HO2MAM,01s3i000001AtoAAAS
a6GDo0000000HHWMA2,01s3i000001AtoAAAS
a6GDo0000000GdSMAU,01s3i000001AtoAAAS
a6GDo0000000HB9MAM,01s3i000001AtoAAAS
a6GDo0000000HTvMAM,01s3i000001AtoAAAS
a6GDo0000000HUiMAM,01s3i000001AtoAAAS
a6GDo0000000HUsMAM,01s3i000001AtoAAAS
a6GDo0000000HPAMA2,01s3i000001AtoAAAS
a6GDo0000000FakMAE,01s3i000001AtoAAAS
a6GDo0000000HVHMA2,01s3i000001AtoAAAS
a6GDo0000000GdTMAU,01s3i000001AtoAAAS
a6GDo0000000H3zMAE,01s3i000001AtoAAAS
a6GDo0000000HOsMAM,01s3i000001AtoAAAS
a6GDo0000000HWKMA2,01s3i000001AtoAAAS
a6GDo0000000HL3MAM,01s3i000001AtoAAAS
a6GDo0000000HPqMAM,01s3i000001AtoAAAS
a6GDo0000000HWtMAM,01s3i000001AtoAAAS
a6GDo0000000HO8MAM,01s3i000001AtoAAAS
a6GDo0000000HXDMA2,01s3i000001AtoAAAS
a6GDo0000000GtCMAU,01s3i000001AtoAAAS
a6GDo0000000H1yMAE,01s3i000001AtoAAAS
a6GDo0000000HWGMA2,01s3i000001AtoAAAS
a6GDo0000000HPBMA2,01s3i000001AtoAAAS
a6GDo0000000HJSMA2,01s3i000001AtoAAAS
a6GDo0000000HXXMA2,01s3i000001AtoAAAS
a6GDo0000000HVwMAM,01s3i000001AtoAAAS
a6GDo0000000HWaMAM,01s3i000001AtoAAAS
a6GDo0000000HPPMA2,01s3i000001AtoAAAS
a6GDo0000000HXhMAM,01s3i000001AtoAAAS
a6GDo0000000HTqMAM,01s3i000001AtoAAAS
a6GDo0000000HOwMAM,01s3i000001AtoAAAS
a6GDo0000000Gu0MAE,01s3i000001AtoAAAS
a6GDo0000000HY6MAM,01s3i000001AtoAAAS
a6GDo0000000H9bMAE,01s3i000001AtoAAAS
a6GDo0000000HIuMAM,01s3i000001AtoAAAS
a6GDo0000000HUPMA2,01s3i000001AtoAAAS
a6GDo0000000HP7MAM,01s3i000001AtoAAAS
a6GDo0000000FnhMAE,01s3i000001AtoAAAS
a6GDo0000000GTbMAM,01s3i000001AtoAAAS
a6GDo0000000HYRMA2,01s3i000001AtoAAAS
a6GDo0000000HWgMAM,01s3i000001AtoAAAS
a6GDo0000000HSqMAM,01s3i000001AtoAAAS
a6GDo0000000HXAMA2,01s3i000001AtoAAAS
a6GDo0000000HSsMAM,01s3i000001AtoAAAS
a6GDo0000000HYkMAM,01s3i000001AtoAAAS
a6GDo0000000HIvMAM,01s3i000001AtoAAAS
a6GDo0000000HFVMA2,01s3i000001AtoAAAS
a6GDo0000000GZ0MAM,01s3i000001AtoAAAS
a6GDo0000000HN5MAM,01s3i000001AtoAAAS
a6GDo0000000GQUMA2,01s3i000001AtoAAAS
a6GDo0000000HZOMA2,01s3i000001AtoAAAS
a6GDo0000000H10MAE,01s3i000001AtoAAAS
a6GDo0000000HW6MAM,01s3i000001AtoAAAS
a6GDo0000000GwUMAU,01s3i000001AtoAAAS
a6GDo0000000GsgMAE,01s3i000001AtoAAAS
a6GDo0000000HKrMAM,01s3i000001AtoAAAS
a6GDo0000000HMOMA2,01s3i000001AtoAAAS
a6GDo0000000HFWMA2,01s3i000001AtoAAAS
a6GDo0000000HCdMAM,01s3i000001AtoAAAS
a6GDo0000000HaCMAU,01s3i000001AtoAAAS
a6GDo0000000HaHMAU,01s3i000001AtoAAAS
a6GDo0000000HWpMAM,01s3i000001AtoAAAS
a6GDo0000000HUGMA2,01s3i000001AtoAAAS
a6GDo0000000HalMAE,01s3i000001AtoAAAS
a6GDo0000000HaqMAE,01s3i000001AtoAAAS
a6GDo0000000HavMAE,01s3i000001AtoAAAS
a6GDo0000000HORMA2,01s3i000001AtoAAAS
a6GDo0000000HbZMAU,01s3i000001AtoAAAS
a6GDo0000000HbjMAE,01s3i000001AtoAAAS
a6GDo0000000Fy4MAE,01s3i000001AtoAAAS
a6GDo0000000HbtMAE,01s3i000001AtoAAAS
a6GDo0000000HbyMAE,01s3i000001AtoAAAS
a6GDo0000000HDGMA2,01s3i000001AtoAAAS
a6GDo0000000Fy5MAE,01s3i000001AtoAAAS
a6GDo0000000Hc4MAE,01s3i000001AtoAAAS
a6GDo0000000HcNMAU,01s3i000001AtoAAAS
a6GDo0000000HV3MAM,01s3i000001AtoAAAS
a6GDo0000000Hb2MAE,01s3i000001AtoAAAS
a6GDo0000000H9mMAE,01s3i000001AtoAAAS
a6GDo0000000HBoMAM,01s3i000001AtoAAAS
a6GDo0000000HXnMAM,01s3i000001AtoAAAS
a6GDo0000000HNZMA2,01s3i000001AtoAAAS
a6GDo0000000HSOMA2,01s3i000001AtoAAAS
a6GDo0000000HdGMAU,01s3i000001AtoAAAS
a6GDo0000000HaJMAU,01s3i000001AtoAAAS
a6GDo0000000HKDMA2,01s3i000001AtoAAAS
a6GDo0000000HOSMA2,01s3i000001AtoAAAS
a6GDo0000000GwjMAE,01s3i000001AtoAAAS
a6GDo0000000HFHMA2,01s3i000001AtoAAAS
a6GDo0000000HVcMAM,01s3i000001AtoAAAS
a6GDo0000000HdqMAE,01s3i000001AtoAAAS
a6GDo0000000HFqMAM,01s3i000001AtoAAAS
a6GDo0000000HeFMAU,01s3i000001AtoAAAS
a6GDo0000000HRXMA2,01s3i000001AtoAAAS
a6GDo0000000HBJMA2,01s3i000001AtoAAAS
a6GDo0000000HeiMAE,01s3i000001AtoAAAS
a6GDo0000000H1oMAE,01s3i000001AtoAAAS
a6GDo0000000Hf7MAE,01s3i000001AtoAAAS
a6GDo0000000HfCMAU,01s3i000001AtoAAAS
a6GDo0000000HfMMAU,01s3i000001AtoAAAS
a6GDo0000000H6yMAE,01s3i000001AtoAAAS
a6GDo0000000GvgMAE,01s3i000001AtoAAAS
a6GDo0000000HdWMAU,01s3i000001AtoAAAS
a6GDo0000000HVNMA2,01s3i000001AtoAAAS
a6GDo0000000HIpMAM,01s3i000001AtoAAAS
a6GDo0000000HfgMAE,01s3i000001AtoAAAS
a6GDo0000000G7FMAU,01s3i000001AtoAAAS
a6GDo0000000HNJMA2,01s3i000001AtoAAAS
a6GDo0000000HV0MAM,01s3i000001AtoAAAS
a6GDo0000000Hf3MAE,01s3i000001AtoAAAS
a6GDo0000000HePMAU,01s3i000001AtoAAAS
a6GDo0000000HDMMA2,01s3i000001AtoAAAS
a6GDo0000000HONMA2,01s3i000001AtoAAAS
a6GDo0000000HgjMAE,01s3i000001AtoAAAS
a6GDo0000000HYmMAM,01s3i000001AtoAAAS
a6GDo0000000HgoMAE,01s3i000001AtoAAAS
a6GDo0000000HVuMAM,01s3i000001AtoAAAS
a6GDo0000000GmfMAE,01s3i000001AtoAAAS
a6GDo0000000HhDMAU,01s3i000001AtoAAAS
a6GDo0000000HhNMAU,01s3i000001AtoAAAS
a6GDo0000000HMWMA2,01s3i000001AtoAAAS
a6GDo0000000H9eMAE,01s3i000001AtoAAAS
a6GDo0000000HhSMAU,01s3i000001AtoAAAS
a6GDo0000000HhmMAE,01s3i000001AtoAAAS
a6GDo0000000HhwMAE,01s3i000001AtoAAAS
a6GDo0000000HdYMAU,01s3i000001AtoAAAS
a6GDo0000000GbfMAE,01s3i000001AtoAAAS
a6GDo0000000GtKMAU,01s3i000001AtoAAAS
a6GDo0000000Hi6MAE,01s3i000001AtoAAAS
a6GDo0000000HiGMAU,01s3i000001AtoAAAS
a6GDo0000000HiQMAU,01s3i000001AtoAAAS
a6GDo0000000HiLMAU,01s3i000001AtoAAAS
a6GDo0000000HhsMAE,01s3i000001AtoAAAS
a6GDo0000000HiaMAE,01s3i000001AtoAAAS
a6GDo0000000HDkMAM,01s3i000001AtoAAAS
a6GDo0000000HUbMAM,01s3i000001AtoAAAS
a6GDo0000000HTNMA2,01s3i000001AtoAAAS
a6GDo0000000HhaMAE,01s3i000001AtoAAAS
a6GDo0000000HhuMAE,01s3i000001AtoAAAS
a6GDo0000000GzxMAE,01s3i000001AtoAAAS
a6GDo0000000HdHMAU,01s3i000001AtoAAAS
a6GDo0000000Gw9MAE,01s3i000001AtoAAAS
a6GDo0000000HXyMAM,01s3i000001AtoAAAS
a6GDo0000000GFfMAM,01s3i000001AtoAAAS
a6GDo0000000HLPMA2,01s3i000001AtoAAAS
a6GDo0000000GwcMAE,01s3i000001AtoAAAS
a6GDo0000000HFBMA2,01s3i000001AtoAAAS
a6GDo0000000HjOMAU,01s3i000001AtoAAAS
a6GDo0000000HiwMAE,01s3i000001AtoAAAS
a6GDo0000000H08MAE,01s3i000001AtoAAAS
a6GDo0000000HWIMA2,01s3i000001AtoAAAS
a6GDo0000000GbgMAE,01s3i000001AtoAAAS
a6GDo0000000GMgMAM,01s3i000001AtoAAAS
a6GDo0000000HjTMAU,01s3i000001AtoAAAS
a6GDo0000000HjAMAU,01s3i000001AtoAAAS
a6GDo0000000HLFMA2,01s3i000001AtoAAAS
a6GDo0000000HjiMAE,01s3i000001AtoAAAS
a6GDo0000000HfwMAE,01s3i000001AtoAAAS
a6GDo0000000GBKMA2,01s3i000001AtoAAAS
a6GDo0000000HIzMAM,01s3i000001AtoAAAS
a6GDo0000000HLZMA2,01s3i000001AtoAAAS
a6GDo0000000HkCMAU,01s3i000001AtoAAAS
a6GDo0000000HkIMAU,01s3i000001AtoAAAS
a6GDo0000000HQzMAM,01s3i000001AtoAAAS
a6GDo0000000HZFMA2,01s3i000001AtoAAAS
a6GDo0000000HP8MAM,01s3i000001AtoAAAS
a6GDo0000000HJNMA2,01s3i000001AtoAAAS
a6GDo0000000He7MAE,01s3i000001AtoAAAS
a6GDo0000000HhjMAE,01s3i000001AtoAAAS
a6GDo0000000H3VMAU,01s3i000001AtoAAAS
a6GDo0000000HE2MAM,01s3i000001AtoAAAS
a6GDo0000000HlFMAU,01s3i000001AtoAAAS
a6GDo0000000HHYMA2,01s3i000001AtoAAAS
a6GDo0000000HBEMA2,01s3i000001AtoAAAS
a6GDo0000000HTgMAM,01s3i000001AtoAAAS
a6GDo0000000GZ1MAM,01s3i000001AtoAAAS
a6GDo0000000H8sMAE,01s3i000001AtoAAAS
a6GDo0000000HhEMAU,01s3i000001AtoAAAS
a6GDo0000000HltMAE,01s3i000001AtoAAAS
a6GDo0000000Hm3MAE,01s3i000001AtoAAAS
a6GDo0000000HlyMAE,01s3i000001AtoAAAS
a6GDo0000000HJ7MAM,01s3i000001AtoAAAS
a6GDo0000000HZDMA2,01s3i000001AtoAAAS
a6GDo0000000GgMMAU,01s3i000001AtoAAAS
a6GDo0000000HlkMAE,01s3i000001AtoAAAS
a6GDo0000000HksMAE,01s3i000001AtoAAAS
a6GDo0000000HYSMA2,01s3i000001AtoAAAS
a6GDo0000000HmcMAE,01s3i000001AtoAAAS
a6GDo0000000Hg3MAE,01s3i000001AtoAAAS
a6GDo0000000GyZMAU,01s3i000001AtoAAAS
a6GDo0000000HfkMAE,01s3i000001AtoAAAS
a6GDo0000000Hn6MAE,01s3i000001AtoAAAS
a6GDo0000000HVhMAM,01s3i000001AtoAAAS
a6GDo0000000HnVMAU,01s3i000001AtoAAAS
a6GDo0000000HlfMAE,01s3i000001AtoAAAS
a6GDo0000000GkJMAU,01s3i000001AtoAAAS
a6GDo0000000HnfMAE,01s3i000001AtoAAAS
a6GDo0000000HPLMA2,01s3i000001AtoAAAS
a6GDo0000000HDlMAM,01s3i000001AtoAAAS
a6GDo0000000HoEMAU,01s3i000001AtoAAAS
a6GDo0000000GZ2MAM,01s3i000001AtoAAAS
a6GDo0000000GnvMAE,01s3i000001AtoAAAS
a6GDo0000000Hp2MAE,01s3i000001AtoAAAS
a6GDo0000000HbRMAU,01s3i000001AtoAAAS
a6GDo0000000HYEMA2,01s3i000001AtoAAAS
a6GDo0000000HIKMA2,01s3i000001AtoAAAS
a6GDo0000000HpRMAU,01s3i000001AtoAAAS
a6GDo0000000HcEMAU,01s3i000001AtoAAAS
a6GDo0000000Hn7MAE,01s3i000001AtoAAAS
a6GDo0000000HkyMAE,01s3i000001AtoAAAS
a6GDo0000000HplMAE,01s3i000001AtoAAAS
a6GDo0000000H02MAE,01s3i000001AtoAAAS
a6GDo0000000HqFMAU,01s3i000001AtoAAAS
a6GDo0000000HnqMAE,01s3i000001AtoAAAS
a6GDo0000000Hp8MAE,01s3i000001AtoAAAS
a6GDo0000000HMcMAM,01s3i000001AtoAAAS
a6GDo0000000HqeMAE,01s3i000001AtoAAAS
a6GDo0000000HqjMAE,01s3i000001AtoAAAS
a6GDo0000000HpcMAE,01s3i000001AtoAAAS
a6GDo0000000GFgMAM,01s3i000001AtoAAAS
a6GDo0000000HqtMAE,01s3i000001AtoAAAS
a6GDo0000000HinMAE,01s3i000001AtoAAAS
a6GDo0000000HCXMA2,01s3i000001AtoAAAS
a6GDo0000000HcgMAE,01s3i000001AtoAAAS
a6GDo0000000Hr8MAE,01s3i000001AtoAAAS
a6GDo0000000HrIMAU,01s3i000001AtoAAAS
a6GDo0000000H0GMAU,01s3i000001AtoAAAS
a6GDo0000000GKQMA2,01s3i000001AtoAAAS
a6GDo0000000HgaMAE,01s3i000001AtoAAAS
a6GDo0000000HrhMAE,01s3i000001AtoAAAS
a6GDo0000000HmnMAE,01s3i000001AtoAAAS
a6GDo0000000HqBMAU,01s3i000001AtoAAAS
a6GDo0000000HrdMAE,01s3i000001AtoAAAS
a6GDo0000000HspMAE,01s3i000001AtoAAAS
a6GDo0000000Hk9MAE,01s3i000001AtoAAAS
a6GDo0000000Gk4MAE,01s3i000001AtoAAAS
a6GDo0000000HJYMA2,01s3i000001AtoAAAS
a6GDo0000000HsHMAU,01s3i000001AtoAAAS
a6GDo0000000H74MAE,01s3i000001AtoAAAS
a6GDo0000000HtOMAU,01s3i000001AtoAAAS
a6GDo0000000HtYMAU,01s3i000001AtoAAAS
a6GDo0000000HrYMAU,01s3i000001AtoAAAS
a6GDo0000000HtnMAE,01s3i000001AtoAAAS
a6GDo0000000HgQMAU,01s3i000001AtoAAAS
a6GDo0000000HVyMAM,01s3i000001AtoAAAS
a6GDo0000000HjjMAE,01s3i000001AtoAAAS
a6GDo0000000HuMMAU,01s3i000001AtoAAAS
a6GDo0000000Hl2MAE,01s3i000001AtoAAAS
a6GDo0000000HtuMAE,01s3i000001AtoAAAS
a6GDo0000000GybMAE,01s3i000001AtoAAAS
a6GDo0000000HXlMAM,01s3i000001AtoAAAS
a6GDo0000000Hv0MAE,01s3i000001AtoAAAS
a6GDo0000000Hj6MAE,01s3i000001AtoAAAS
a6GDo0000000HT2MAM,01s3i000001AtoAAAS
a6GDo0000000HjpMAE,01s3i000001AtoAAAS
a6GDo0000000HgDMAU,01s3i000001AtoAAAS
a6GDo0000000HmzMAE,01s3i000001AtoAAAS
a6GDo0000000HbHMAU,01s3i000001AtoAAAS
a6GDo0000000HqLMAU,01s3i000001AtoAAAS
a6GDo0000000Hj8MAE,01s3i000001AtoAAAS
a6GDo0000000Hg4MAE,01s3i000001AtoAAAS
a6GDo0000000HdJMAU,01s3i000001AtoAAAS
a6GDo0000000GOTMA2,01s3i000001AtoAAAS
a6GDo0000000HHOMA2,01s3i000001AtoAAAS
a6GDo0000000GrnMAE,01s3i000001AtoAAAS
a6GDo0000000GsDMAU,01s3i000001AtoAAAS
a6GDo0000000HVTMA2,01s3i000001AtoAAAS
a6GDo0000000HHuMAM,01s3i000001AtoAAAS
a6GDo0000000HdKMAU,01s3i000001AtoAAAS
a6GDo0000000HumMAE,01s3i000001AtoAAAS
a6GDo0000000HWDMA2,01s3i000001AtoAAAS
a6GDo0000000FpwMAE,01s3i000001AtoAAAS
a6GDo0000000HvZMAU,01s3i000001AtoAAAS
a6GDo0000000HvjMAE,01s3i000001AtoAAAS
a6GDo0000000HK1MAM,01s3i000001AtoAAAS
a6GDo0000000HWmMAM,01s3i000001AtoAAAS
a6GDo0000000HqfMAE,01s3i000001AtoAAAS
a6GDo0000000HwDMAU,01s3i000001AtoAAAS
a6GDo0000000HkAMAU,01s3i000001AtoAAAS
a6GDo0000000Hq3MAE,01s3i000001AtoAAAS
a6GDo0000000HkzMAE,01s3i000001AtoAAAS
a6GDo0000000HcFMAU,01s3i000001AtoAAAS
a6GDo0000000Hq4MAE,01s3i000001AtoAAAS
a6GDo0000000HuhMAE,01s3i000001AtoAAAS
a6GDo0000000HwNMAU,01s3i000001AtoAAAS
a6GDo0000000HwmMAE,01s3i000001AtoAAAS
a6GDo0000000H0IMAU,01s3i000001AtoAAAS
a6GDo0000000Hx6MAE,01s3i000001AtoAAAS
a6GDo0000000HpVMAU,01s3i000001AtoAAAS
a6GDo0000000HxVMAU,01s3i000001AtoAAAS
a6GDo0000000HlpMAE,01s3i000001AtoAAAS
a6GDo0000000HmUMAU,01s3i000001AtoAAAS
a6GDo0000000GoMMAU,01s3i000001AtoAAAS
a6GDo0000000GMGMA2,01s3i000001AtoAAAS
a6GDo0000000HnmMAE,01s3i000001AtoAAAS
a6GDo0000000HhvMAE,01s3i000001AtoAAAS
a6GDo0000000HhlMAE,01s3i000001AtoAAAS
a6GDo0000000HRMMA2,01s3i000001AtoAAAS
a6GDo0000000Hy4MAE,01s3i000001AtoAAAS
a6GDo0000000HunMAE,01s3i000001AtoAAAS
a6GDo0000000HyJMAU,01s3i000001AtoAAAS
a6GDo0000000HyAMAU,01s3i000001AtoAAAS
a6GDo0000000HtBMAU,01s3i000001AtoAAAS
a6GDo0000000H0bMAE,01s3i000001AtoAAAS
a6GDo0000000Hz2MAE,01s3i000001AtoAAAS
a6GDo0000000HlqMAE,01s3i000001AtoAAAS
a6GDo0000000HzgMAE,01s3i000001AtoAAAS
a6GDo0000000H8tMAE,01s3i000001AtoAAAS
a6GDo0000000HzqMAE,01s3i000001AtoAAAS
a6GDo0000000Hg9MAE,01s3i000001AtoAAAS
a6GDo0000000HYgMAM,01s3i000001AtoAAAS
a6GDo0000000GeoMAE,01s3i000001AtoAAAS
a6GDo0000000I0AMAU,01s3i000001AtoAAAS
a6GDo0000000I0FMAU,01s3i000001AtoAAAS
a6GDo0000000HjqMAE,01s3i000001AtoAAAS
a6GDo0000000HpmMAE,01s3i000001AtoAAAS
a6GDo0000000HlJMAU,01s3i000001AtoAAAS
a6GDo0000000I0PMAU,01s3i000001AtoAAAS
a6GDo0000000I0UMAU,01s3i000001AtoAAAS
a6GDo0000000GcEMAU,01s3i000001AtoAAAS
a6GDo0000000HqkMAE,01s3i000001AtoAAAS
a6GDo0000000HUSMA2,01s3i000001AtoAAAS
a6GDo0000000I18MAE,01s3i000001AtoAAAS
a6GDo0000000HjCMAU,01s3i000001AtoAAAS
a6GDo0000000HYNMA2,01s3i000001AtoAAAS
a6GDo0000000I06MAE,01s3i000001AtoAAAS
a6GDo0000000I1iMAE,01s3i000001AtoAAAS
a6GDo0000000HmtMAE,01s3i000001AtoAAAS
a6GDo0000000HwOMAU,01s3i000001AtoAAAS
a6GDo0000000HRkMAM,01s3i000001AtoAAAS
a6GDo0000000HmuMAE,01s3i000001AtoAAAS
a6GDo0000000HtLMAU,01s3i000001AtoAAAS
a6GDo0000000HgHMAU,01s3i000001AtoAAAS
a6GDo0000000HiOMAU,01s3i000001AtoAAAS
a6GDo0000000HxlMAE,01s3i000001AtoAAAS
a6GDo0000000I2BMAU,01s3i000001AtoAAAS
a6GDo0000000HngMAE,01s3i000001AtoAAAS
a6GDo0000000HnKMAU,01s3i000001AtoAAAS
a6GDo0000000I2LMAU,01s3i000001AtoAAAS
a6GDo0000000HQVMA2,01s3i000001AtoAAAS
a6GDo0000000HlhMAE,01s3i000001AtoAAAS
a6GDo0000000I2VMAU,01s3i000001AtoAAAS
a6GDo0000000H5wMAE,01s3i000001AtoAAAS
a6GDo0000000I2aMAE,01s3i000001AtoAAAS
a6GDo0000000Hx2MAE,01s3i000001AtoAAAS
a6GDo0000000HpIMAU,01s3i000001AtoAAAS
a6GDo0000000HvpMAE,01s3i000001AtoAAAS
a6GDo0000000HnUMAU,01s3i000001AtoAAAS
a6GDo0000000I2kMAE,01s3i000001AtoAAAS
a6GDo0000000HTnMAM,01s3i000001AtoAAAS
a6GDo0000000GdYMAU,01s3i000001AtoAAAS
a6GDo0000000Hs4MAE,01s3i000001AtoAAAS
a6GDo0000000HHTMA2,01s3i000001AtoAAAS
a6GDo0000000Hv9MAE,01s3i000001AtoAAAS
a6GDo0000000I3EMAU,01s3i000001AtoAAAS
a6GDo0000000HYyMAM,01s3i000001AtoAAAS
a6GDo0000000I3TMAU,01s3i000001AtoAAAS
a6GDo0000000HeqMAE,01s3i000001AtoAAAS
a6GDo0000000HyGMAU,01s3i000001AtoAAAS
a6GDo0000000I2qMAE,01s3i000001AtoAAAS
a6GDo0000000HgxMAE,01s3i000001AtoAAAS
a6GDo0000000I1AMAU,01s3i000001AtoAAAS
a6GDo0000000I3jMAE,01s3i000001AtoAAAS
a6GDo0000000I42MAE,01s3i000001AtoAAAS
a6GDo0000000HAmMAM,01s3i000001AtoAAAS
a6GDo0000000HuIMAU,01s3i000001AtoAAAS
a6GDo0000000HohMAE,01s3i000001AtoAAAS
a6GDo0000000G7HMAU,01s3i000001AtoAAAS
a6GDo0000000HNLMA2,01s3i000001AtoAAAS
a6GDo0000000I4HMAU,01s3i000001AtoAAAS
a6GDo0000000HnhMAE,01s3i000001AtoAAAS
a6GDo0000000HocMAE,01s3i000001AtoAAAS
a6GDo0000000HruMAE,01s3i000001AtoAAAS
a6GDo0000000I4RMAU,01s3i000001AtoAAAS
a6GDo0000000HwYMAU,01s3i000001AtoAAAS
a6GDo0000000I2gMAE,01s3i000001AtoAAAS
a6GDo0000000Hh0MAE,01s3i000001AtoAAAS
a6GDo0000000HwsMAE,01s3i000001AtoAAAS
a6GDo0000000I4qMAE,01s3i000001AtoAAAS
a6GDo0000000I0CMAU,01s3i000001AtoAAAS
a6GDo0000000HfNMAU,01s3i000001AtoAAAS
a6GDo0000000I5KMAU,01s3i000001AtoAAAS
a6GDo0000000FjNMAU,01s3i000001AtoAAAS
a6GDo0000000I5eMAE,01s3i000001AtoAAAS
a6GDo0000000HqVMAU,01s3i000001AtoAAAS
a6GDo0000000I5jMAE,01s3i000001AtoAAAS
a6GDo0000000HpiMAE,01s3i000001AtoAAAS
a6GDo0000000I4XMAU,01s3i000001AtoAAAS
a6GDo0000000I6DMAU,01s3i000001AtoAAAS
a6GDo0000000HdrMAE,01s3i000001AtoAAAS
a6GDo0000000HnwMAE,01s3i000001AtoAAAS
a6GDo0000000I6XMAU,01s3i000001AtoAAAS
a6GDo0000000He0MAE,01s3i000001AtoAAAS
a6GDo0000000I6UMAU,01s3i000001AtoAAAS
a6GDo0000000HuYMAU,01s3i000001AtoAAAS
a6GDo0000000I5pMAE,01s3i000001AtoAAAS
a6GDo0000000I6mMAE,01s3i000001AtoAAAS
a6GDo0000000I6rMAE,01s3i000001AtoAAAS
a6GDo0000000I6wMAE,01s3i000001AtoAAAS
a6GDo0000000I6JMAU,01s3i000001AtoAAAS
a6GDo0000000I76MAE,01s3i000001AtoAAAS
a6GDo0000000I5HMAU,01s3i000001AtoAAAS
a6GDo0000000HriMAE,01s3i000001AtoAAAS
a6GDo0000000I0DMAU,01s3i000001AtoAAAS
a6GDo0000000HrvMAE,01s3i000001AtoAAAS
a6GDo0000000HxDMAU,01s3i000001AtoAAAS
a6GDo0000000HyyMAE,01s3i000001AtoAAAS
a6GDo0000000I7aMAE,01s3i000001AtoAAAS
a6GDo0000000HX5MAM,01s3i000001AtoAAAS
a6GDo0000000I7NMAU,01s3i000001AtoAAAS
a6GDo0000000GTpMAM,01s3i000001AtoAAAS
a6GDo0000000HczMAE,01s3i000001AtoAAAS
a6GDo0000000HzhMAE,01s3i000001AtoAAAS
a6GDo0000000HwPMAU,01s3i000001AtoAAAS
a6GDo0000000HA7MAM,01s3i000001AtoAAAS
a6GDo0000000HsbMAE,01s3i000001AtoAAAS
a6GDo0000000I6QMAU,01s3i000001AtoAAAS
a6GDo0000000I2cMAE,01s3i000001AtoAAAS
a6GDo0000000HbIMAU,01s3i000001AtoAAAS
a6GDo0000000I8YMAU,01s3i000001AtoAAAS
a6GDo0000000HcUMAU,01s3i000001AtoAAAS
a6GDo0000000HldMAE,01s3i000001AtoAAAS
a6GDo0000000I8nMAE,01s3i000001AtoAAAS
a6GDo0000000I92MAE,01s3i000001AtoAAAS
a6GDo0000000I97MAE,01s3i000001AtoAAAS
a6GDo0000000HxnMAE,01s3i000001AtoAAAS
a6GDo0000000I9CMAU,01s3i000001AtoAAAS
a6GDo0000000HdtMAE,01s3i000001AtoAAAS
a6GDo0000000I9HMAU,01s3i000001AtoAAAS
a6GDo0000000I9RMAU,01s3i000001AtoAAAS
a6GDo0000000I9lMAE,01s3i000001AtoAAAS
a6GDo0000000I4hMAE,01s3i000001AtoAAAS
a6GDo0000000HdZMAU,01s3i000001AtoAAAS
a6GDo0000000HlDMAU,01s3i000001AtoAAAS
a6GDo0000000HtZMAU,01s3i000001AtoAAAS
a6GDo0000000Hi4MAE,01s3i000001AtoAAAS
a6GDo0000000IA5MAM,01s3i000001AtoAAAS
a6GDo0000000Hl4MAE,01s3i000001AtoAAAS
a6GDo0000000IAAMA2,01s3i000001AtoAAAS
a6GDo0000000IAPMA2,01s3i000001AtoAAAS
a6GDo0000000IAZMA2,01s3i000001AtoAAAS
a6GDo0000000IA1MAM,01s3i000001AtoAAAS
a6GDo0000000HJyMAM,01s3i000001AtoAAAS
a6GDo0000000IAjMAM,01s3i000001AtoAAAS
a6GDo0000000GlyMAE,01s3i000001AtoAAAS
a6GDo0000000IAtMAM,01s3i000001AtoAAAS
a6GDo0000000IAyMAM,01s3i000001AtoAAAS
a6GDo0000000HARMA2,01s3i000001AtoAAAS
a6GDo0000000HrLMAU,01s3i000001AtoAAAS
a6GDo0000000HASMA2,01s3i000001AtoAAAS
a6GDo0000000IAGMA2,01s3i000001AtoAAAS
a6GDo0000000HGVMA2,01s3i000001AtoAAAS
a6GDo0000000IBNMA2,01s3i000001AtoAAAS
a6GDo0000000HvvMAE,01s3i000001AtoAAAS
a6GDo0000000IBrMAM,01s3i000001AtoAAAS
a6GDo0000000IBTMA2,01s3i000001AtoAAAS
a6GDo0000000IAVMA2,01s3i000001AtoAAAS
a6GDo0000000HkKMAU,01s3i000001AtoAAAS
a6GDo0000000ICGMA2,01s3i000001AtoAAAS
a6GDo0000000ICLMA2,01s3i000001AtoAAAS
a6GDo0000000HjQMAU,01s3i000001AtoAAAS
a6GDo0000000Hv2MAE,01s3i000001AtoAAAS
a6GDo0000000GiaMAE,01s3i000001AtoAAAS
a6GDo0000000Hv3MAE,01s3i000001AtoAAAS
a6GDo0000000HusMAE,01s3i000001AtoAAAS
a6GDo0000000I3UMAU,01s3i000001AtoAAAS
a6GDo0000000ICfMAM,01s3i000001AtoAAAS
a6GDo0000000ICzMAM,01s3i000001AtoAAAS
a6GDo0000000HROMA2,01s3i000001AtoAAAS
a6GDo0000000I85MAE,01s3i000001AtoAAAS
a6GDo0000000GdGMAU,01s3i000001AtoAAAS
a6GDo0000000HzKMAU,01s3i000001AtoAAAS
a6GDo0000000HniMAE,01s3i000001AtoAAAS
a6GDo0000000HpQMAU,01s3i000001AtoAAAS
a6GDo0000000I9mMAE,01s3i000001AtoAAAS
a6GDo0000000He2MAE,01s3i000001AtoAAAS
a6GDo0000000I3BMAU,01s3i000001AtoAAAS
a6GDo0000000IDtMAM,01s3i000001AtoAAAS
a6GDo0000000IBJMA2,01s3i000001AtoAAAS
a6GDo0000000HsWMAU,01s3i000001AtoAAAS
a6GDo0000000GrtMAE,01s3i000001AtoAAAS
a6GDo0000000HgfMAE,01s3i000001AtoAAAS
a6GDo0000000Gm0MAE,01s3i000001AtoAAAS
a6GDo0000000GjPMAU,01s3i000001AtoAAAS
a6GDo0000000HukMAE,01s3i000001AtoAAAS
a6GDo0000000GyVMAU,01s3i000001AtoAAAS
a6GDo0000000IAzMAM,01s3i000001AtoAAAS
a6GDo0000000HfpMAE,01s3i000001AtoAAAS
a6GDo0000000I6tMAE,01s3i000001AtoAAAS
a6GDo0000000IEWMA2,01s3i000001AtoAAAS
a6GDo0000000HKwMAM,01s3i000001AtoAAAS
a6GDo0000000HiRMAU,01s3i000001AtoAAAS
a6GDo0000000I99MAE,01s3i000001AtoAAAS
a6GDo0000000HkjMAE,01s3i000001AtoAAAS
a6GDo0000000ICHMA2,01s3i000001AtoAAAS
a6GDo0000000I6uMAE,01s3i000001AtoAAAS
a6GDo0000000HO0MAM,01s3i000001AtoAAAS
a6GDo0000000ID0MAM,01s3i000001AtoAAAS
a6GDo0000000IEqMAM,01s3i000001AtoAAAS
a6GDo0000000HG4MAM,01s3i000001AtoAAAS
a6GDo0000000IDKMA2,01s3i000001AtoAAAS
a6GDo0000000I8yMAE,01s3i000001AtoAAAS
a6GDo0000000IF5MAM,01s3i000001AtoAAAS
a6GDo0000000HxEMAU,01s3i000001AtoAAAS
a6GDo0000000I9cMAE,01s3i000001AtoAAAS
a6GDo0000000IFKMA2,01s3i000001AtoAAAS
a6GDo0000000HtbMAE,01s3i000001AtoAAAS
a6GDo0000000I1zMAE,01s3i000001AtoAAAS
a6GDo0000000HwuMAE,01s3i000001AtoAAAS
a6GDo0000000I9OMAU,01s3i000001AtoAAAS
a6GDo0000000GKGMA2,01s3i000001AtoAAAS
a6GDo0000000HpZMAU,01s3i000001AtoAAAS
a6GDo0000000I7WMAU,01s3i000001AtoAAAS
a6GDo0000000IG8MAM,01s3i000001AtoAAAS
a6GDo0000000I90MAE,01s3i000001AtoAAAS
a6GDo0000000IGNMA2,01s3i000001AtoAAAS
a6GDo0000000Hn2MAE,01s3i000001AtoAAAS
a6GDo0000000IAQMA2,01s3i000001AtoAAAS
a6GDo0000000I4SMAU,01s3i000001AtoAAAS
a6GDo0000000IGrMAM,01s3i000001AtoAAAS
a6GDo0000000IGwMAM,01s3i000001AtoAAAS
a6GDo0000000IGsMAM,01s3i000001AtoAAAS
a6GDo0000000I24MAE,01s3i000001AtoAAAS
a6GDo0000000I6ZMAU,01s3i000001AtoAAAS
a6GDo0000000GofMAE,01s3i000001AtoAAAS
a6GDo0000000IHuMAM,01s3i000001AtoAAAS
a6GDo0000000II9MAM,01s3i000001AtoAAAS
a6GDo0000000IIEMA2,01s3i000001AtoAAAS
a6GDo0000000IGnMAM,01s3i000001AtoAAAS
a6GDo0000000I8RMAU,01s3i000001AtoAAAS
a6GDo0000000IGYMA2,01s3i000001AtoAAAS
a6GDo0000000I16MAE,01s3i000001AtoAAAS
a6GDo0000000IJHMA2,01s3i000001AtoAAAS
a6GDo0000000IIVMA2,01s3i000001AtoAAAS
a6GDo0000000IDPMA2,01s3i000001AtoAAAS
a6GDo0000000Hs5MAE,01s3i000001AtoAAAS
a6GDo0000000HsdMAE,01s3i000001AtoAAAS
a6GDo0000000IGtMAM,01s3i000001AtoAAAS
a6GDo0000000HkcMAE,01s3i000001AtoAAAS
a6GDo0000000IEhMAM,01s3i000001AtoAAAS
a6GDo0000000IKLMA2,01s3i000001AtoAAAS
a6GDo0000000Hb7MAE,01s3i000001AtoAAAS
a6GDo0000000IFkMAM,01s3i000001AtoAAAS
a6GDo0000000HeHMAU,01s3i000001AtoAAAS
a6GDo0000000HX1MAM,01s3i000001AtoAAAS
a6GDo0000000I1fMAE,01s3i000001AtoAAAS
a6GDo0000000IFvMAM,01s3i000001AtoAAAS
a6GDo0000000ILIMA2,01s3i000001AtoAAAS
a6GDo0000000HbwMAE,01s3i000001AtoAAAS
a6GDo0000000HVVMA2,01s3i000001AtoAAAS
a6GDo0000000IE8MAM,01s3i000001AtoAAAS
a6GDo0000000IK1MAM,01s3i000001AtoAAAS
a6GDo0000000Ht2MAE,01s3i000001AtoAAAS
a6GDo0000000ILiMAM,01s3i000001AtoAAAS
a6GDo0000000I9YMAU,01s3i000001AtoAAAS
a6GDo0000000IM6MAM,01s3i000001AtoAAAS
a6GDo0000000I93MAE,01s3i000001AtoAAAS
a6GDo0000000IMBMA2,01s3i000001AtoAAAS
a6GDo0000000HZIMA2,01s3i000001AtoAAAS
a6GDo0000000I91MAE,01s3i000001AtoAAAS
a6GDo0000000I0kMAE,01s3i000001AtoAAAS
a6GDo0000000IH2MAM,01s3i000001AtoAAAS
a6GDo0000000G0YMAU,01s3i000001AtoAAAS
a6GDo0000000IMQMA2,01s3i000001AtoAAAS
a6GDo0000000IIeMAM,01s3i000001AtoAAAS
a6GDo0000000HbxMAE,01s3i000001AtoAAAS
a6GDo0000000HgIMAU,01s3i000001AtoAAAS
a6GDo0000000I2WMAU,01s3i000001AtoAAAS
a6GDo0000000IHgMAM,01s3i000001AtoAAAS
a6GDo0000000HYoMAM,01s3i000001AtoAAAS
a6GDo0000000IMRMA2,01s3i000001AtoAAAS
a6GDo0000000IH3MAM,01s3i000001AtoAAAS
a6GDo0000000I0rMAE,01s3i000001AtoAAAS
a6GDo0000000I7AMAU,01s3i000001AtoAAAS
a6GDo0000000IFwMAM,01s3i000001AtoAAAS
a6GDo0000000INOMA2,01s3i000001AtoAAAS
a6GDo0000000IJmMAM,01s3i000001AtoAAAS
a6GDo0000000I9ZMAU,01s3i000001AtoAAAS
a6GDo0000000INYMA2,01s3i000001AtoAAAS
a6GDo0000000IHCMA2,01s3i000001AtoAAAS
a6GDo0000000IDaMAM,01s3i000001AtoAAAS
a6GDo0000000INxMAM,01s3i000001AtoAAAS
a6GDo0000000IBBMA2,01s3i000001AtoAAAS
a6GDo0000000Hz4MAE,01s3i000001AtoAAAS
a6GDo0000000IO7MAM,01s3i000001AtoAAAS
a6GDo0000000IOHMA2,01s3i000001AtoAAAS
a6GDo0000000HmiMAE,01s3i000001AtoAAAS
a6GDo0000000IDHMA2,01s3i000001AtoAAAS
a6GDo0000000I7DMAU,01s3i000001AtoAAAS
a6GDo0000000IIuMAM,01s3i000001AtoAAAS
a6GDo0000000INQMA2,01s3i000001AtoAAAS
a6GDo0000000IOlMAM,01s3i000001AtoAAAS
a6GDo0000000IOqMAM,01s3i000001AtoAAAS
a6GDo0000000HvOMAU,01s3i000001AtoAAAS
a6GDo0000000IJ3MAM,01s3i000001AtoAAAS
a6GDo0000000IPAMA2,01s3i000001AtoAAAS
a6GDo0000000I7IMAU,01s3i000001AtoAAAS
a6GDo0000000IC7MAM,01s3i000001AtoAAAS
a6GDo0000000GnHMAU,01s3i000001AtoAAAS
a6GDo0000000I8SMAU,01s3i000001AtoAAAS
a6GDo0000000IPUMA2,01s3i000001AtoAAAS
a6GDo0000000IPBMA2,01s3i000001AtoAAAS
a6GDo0000000IJ5MAM,01s3i000001AtoAAAS
a6GDo0000000GrpMAE,01s3i000001AtoAAAS
a6GDo0000000IPyMAM,01s3i000001AtoAAAS
a6GDo0000000IQIMA2,01s3i000001AtoAAAS
a6GDo0000000IAgMAM,01s3i000001AtoAAAS
a6GDo0000000Hb8MAE,01s3i000001AtoAAAS
a6GDo0000000HZkMAM,01s3i000001AtoAAAS
a6GDo0000000IQXMA2,01s3i000001AtoAAAS
a6GDo0000000IPGMA2,01s3i000001AtoAAAS
a6GDo0000000IQcMAM,01s3i000001AtoAAAS
a6GDo0000000IQhMAM,01s3i000001AtoAAAS
a6GDo0000000I6EMAU,01s3i000001AtoAAAS
a6GDo0000000IQrMAM,01s3i000001AtoAAAS
a6GDo0000000IRBMA2,01s3i000001AtoAAAS
a6GDo0000000IRGMA2,01s3i000001AtoAAAS
a6GDo0000000IRLMA2,01s3i000001AtoAAAS
a6GDo0000000IHRMA2,01s3i000001AtoAAAS
a6GDo0000000IMlMAM,01s3i000001AtoAAAS
a6GDo0000000IKzMAM,01s3i000001AtoAAAS
a6GDo0000000IRfMAM,01s3i000001AtoAAAS
a6GDo0000000IDuMAM,01s3i000001AtoAAAS
a6GDo0000000Hy2MAE,01s3i000001AtoAAAS
a6GDo0000000HG6MAM,01s3i000001AtoAAAS
a6GDo0000000I3tMAE,01s3i000001AtoAAAS
a6GDo0000000IA2MAM,01s3i000001AtoAAAS
a6GDo0000000FkuMAE,01s3i000001AtoAAAS
a6GDo0000000ICwMAM,01s3i000001AtoAAAS
a6GDo0000000IS0MAM,01s3i000001AtoAAAS
a6GDo0000000HZmMAM,01s3i000001AtoAAAS
a6GDo0000000ISOMA2,01s3i000001AtoAAAS
a6GDo0000000FkvMAE,01s3i000001AtoAAAS
a6GDo0000000HJoMAM,01s3i000001AtoAAAS
a6GDo0000000ISTMA2,01s3i000001AtoAAAS
a6GDo0000000IGZMA2,01s3i000001AtoAAAS
a6GDo0000000HNCMA2,01s3i000001AtoAAAS
a6GDo0000000ISiMAM,01s3i000001AtoAAAS
a6GDo0000000IHiMAM,01s3i000001AtoAAAS
a6GDo0000000ISUMA2,01s3i000001AtoAAAS
a6GDo0000000HBSMA2,01s3i000001AtoAAAS
a6GDo0000000ILnMAM,01s3i000001AtoAAAS
a6GDo0000000I7EMAU,01s3i000001AtoAAAS
a6GDo0000000IQ4MAM,01s3i000001AtoAAAS
a6GDo0000000IBFMA2,01s3i000001AtoAAAS
a6GDo0000000ICRMA2,01s3i000001AtoAAAS
a6GDo0000000ISxMAM,01s3i000001AtoAAAS
a6GDo0000000IRCMA2,01s3i000001AtoAAAS
a6GDo0000000INKMA2,01s3i000001AtoAAAS
a6GDo0000000IMCMA2,01s3i000001AtoAAAS
a6GDo0000000IT2MAM,01s3i000001AtoAAAS
a6GDo0000000Ha3MAE,01s3i000001AtoAAAS
a6GDo0000000IPfMAM,01s3i000001AtoAAAS
a6GDo0000000IS1MAM,01s3i000001AtoAAAS
a6GDo0000000IRMMA2,01s3i000001AtoAAAS
a6GDo0000000ISeMAM,01s3i000001AtoAAAS
a6GDo0000000IO4MAM,01s3i000001AtoAAAS
a6GDo0000000HyCMAU,01s3i000001AtoAAAS
a6GDo0000000ILEMA2,01s3i000001AtoAAAS
a6GDo0000000ISZMA2,01s3i000001AtoAAAS
a6GDo0000000G0ZMAU,01s3i000001AtoAAAS
a6GDo0000000IT3MAM,01s3i000001AtoAAAS
a6GDo0000000ITMMA2,01s3i000001AtoAAAS
a6GDo0000000ITgMAM,01s3i000001AtoAAAS
a6GDo0000000ITlMAM,01s3i000001AtoAAAS
a6GDo0000000IP3MAM,01s3i000001AtoAAAS
a6GDo0000000IBfMAM,01s3i000001AtoAAAS
a6GDo0000000I5dMAE,01s3i000001AtoAAAS
a6GDo0000000IOrMAM,01s3i000001AtoAAAS
a6GDo0000000HfVMAU,01s3i000001AtoAAAS
a6GDo0000000ITqMAM,01s3i000001AtoAAAS
a6GDo0000000IJeMAM,01s3i000001AtoAAAS
a6GDo0000000ITvMAM,01s3i000001AtoAAAS
a6GDo0000000IU0MAM,01s3i000001AtoAAAS
a6GDo0000000IU5MAM,01s3i000001AtoAAAS
a6GDo0000000FkwMAE,01s3i000001AtoAAAS
a6GDo0000000I4oMAE,01s3i000001AtoAAAS
a6GDo0000000ITJMA2,01s3i000001AtoAAAS
a6GDo0000000IFxMAM,01s3i000001AtoAAAS
a6GDo0000000GITMA2,01s3i000001AtoAAAS
a6GDo0000000HrlMAE,01s3i000001AtoAAAS
a6GDo0000000ILpMAM,01s3i000001AtoAAAS
a6GDo0000000IUFMA2,01s3i000001AtoAAAS
a6GDo0000000GwIMAU,01s3i000001AtoAAAS
a6GDo0000000IUKMA2,01s3i000001AtoAAAS
a6GDo0000000I7iMAE,01s3i000001AtoAAAS
a6GDo0000000I44MAE,01s3i000001AtoAAAS
a6GDo0000000IR8MAM,01s3i000001AtoAAAS
a6GDo0000000IBbMAM,01s3i000001AtoAAAS
a6GDo0000000IUPMA2,01s3i000001AtoAAAS
a6GDo0000000IN0MAM,01s3i000001AtoAAAS
a6GDo0000000I0TMAU,01s3i000001AtoAAAS
a6GDo0000000I3mMAE,01s3i000001AtoAAAS
a6GDo0000000IMMMA2,01s3i000001AtoAAAS
a6GDo0000000I2PMAU,01s3i000001AtoAAAS
a6GDo0000000IUUMA2,01s3i000001AtoAAAS
a6GDo0000000IUZMA2,01s3i000001AtoAAAS
a6GDo0000000G9EMAU,01s3i000001AtoAAAS
a6GDo0000000INRMA2,01s3i000001AtoAAAS
a6GDo0000000IDpMAM,01s3i000001AtoAAAS
a6GDo0000000IUjMAM,01s3i000001AtoAAAS
a6GDo0000000HQ6MAM,01s3i000001AtoAAAS
a6GDo0000000G0aMAE,01s3i000001AtoAAAS
a6GDo0000000ISjMAM,01s3i000001AtoAAAS
a6GDo0000000IUoMAM,01s3i000001AtoAAAS
a6GDo0000000IRvMAM,01s3i000001AtoAAAS
a6GDo0000000IAMMA2,01s3i000001AtoAAAS
a6GDo0000000IUVMA2,01s3i000001AtoAAAS
a6GDo0000000IUyMAM,01s3i000001AtoAAAS
a6GDo0000000IUtMAM,01s3i000001AtoAAAS
a6GDo0000000IM7MAM,01s3i000001AtoAAAS
a6GDo0000000IP4MAM,01s3i000001AtoAAAS
a6GDo0000000FdQMAU,01s3i000001AtoAAAS
a6GDo0000000IPqMAM,01s3i000001AtoAAAS
a6GDo0000000IVsMAM,01s3i000001AtoAAAS
a6GDo0000000IEiMAM,01s3i000001AtoAAAS
a6GDo0000000IWQMA2,01s3i000001AtoAAAS
a6GDo0000000ICSMA2,01s3i000001AtoAAAS
a6GDo0000000IV9MAM,01s3i000001AtoAAAS
a6GDo0000000IOsMAM,01s3i000001AtoAAAS
a6GDo0000000IQeMAM,01s3i000001AtoAAAS
a6GDo0000000I3GMAU,01s3i000001AtoAAAS
a6GDo0000000IIWMA2,01s3i000001AtoAAAS
a6GDo0000000IKaMAM,01s3i000001AtoAAAS
a6GDo0000000IbuMAE,01s3i000001AtoAAAS
a6GDo0000000IIgMAM,01s3i000001AtoAAAS
a6GDo0000000IdqMAE,01s3i000001AtoAAAS
a6GDo0000000IQsMAM,01s3i000001AtoAAAS
a6GDo0000000IVbMAM,01s3i000001AtoAAAS
a6GDo0000000IeeMAE,01s3i000001AtoAAAS
a6GDo0000000I2EMAU,01s3i000001AtoAAAS
a6GDo0000000IO9MAM,01s3i000001AtoAAAS
a6GDo0000000InvMAE,01s3i000001AtoAAAS
a6GDo0000000IpWMAU,01s3i000001AtoAAAS
a6GDo0000000JQdMAM,01s3i000001AtoAAAS
a6GDo0000000JQsMAM,01s3i000001AtoAAAS
a6GDo0000000JR7MAM,01s3i000001AtoAAAS
a6GDo0000000JRRMA2,01s3i000001AtoAAAS
a6GDo0000000JRgMAM,01s3i000001AtoAAAS
a6GDo0000000JRWMA2,01s3i000001AtoAAAS
a6GDo0000000JSFMA2,01s3i000001AtoAAAS
a6GDo0000000JSPMA2,01s3i000001AtoAAAS
a6GDo0000000JRqMAM,01s3i000001AtoAAAS
a6GDo0000000JSAMA2,01s3i000001AtoAAAS
a6GDo0000000JS0MAM,01s3i000001AtoAAAS
a6GDo0000000JSQMA2,01s3i000001AtoAAAS
a6GDo0000000JSyMAM,01s3i000001AtoAAAS
a6GDo0000000JQyMAM,01s3i000001AtoAAAS
a6GDo0000000JRwMAM,01s3i000001AtoAAAS
a6GDo0000000JTXMA2,01s3i000001AtoAAAS
a6GDo0000000JTIMA2,01s3i000001AtoAAAS
a6GDo0000000JT8MAM,01s3i000001AtoAAAS
a6GDo0000000JTNMA2,01s3i000001AtoAAAS
a6GDo0000000JT3MAM,01s3i000001AtoAAAS
a6GDo0000000JTSMA2,01s3i000001AtoAAAS
a6GDo0000000JTcMAM,01s3i000001AtoAAAS
a6GDo0000000JThMAM,01s3i000001AtoAAAS
a6GDo0000000JTwMAM,01s3i000001AtoAAAS
a6GDo0000000JTrMAM,01s3i000001AtoAAAS
a6GDo0000000JU6MAM,01s3i000001AtoAAAS
a6GDo0000000JULMA2,01s3i000001AtoAAAS
a6GDo0000000JUQMA2,01s3i000001AtoAAAS
a6GDo0000000JUVMA2,01s3i000001AtoAAAS
a6GDo0000000JUaMAM,01s3i000001AtoAAAS
a6GDo0000000JTnMAM,01s3i000001AtoAAAS
a6GDo0000000JUuMAM,01s3i000001AtoAAAS
a6GDo0000000JUfMAM,01s3i000001AtoAAAS
a6GDo0000000JV4MAM,01s3i000001AtoAAAS
a6GDo0000000JVEMA2,01s3i000001AtoAAAS
a6GDo0000000JuEMAU,01s3i000001AtoAAAS
a6GDo0000000JuCMAU,01s3i000001AtoAAAS
a6GDo0000000JrqMAE,01s3i000001AtoAAAS
a6GDo0000000JhNMAU,01s3i000001AtoAAAS
a6GDo0000000KQeMAM,01s3i000001AtoAAAS
a6GDo0000000KX1MAM,01s3i000001AtoAAAS
a6GDo0000000KWsMAM,01s3i000001AtoAAAS
a6GDo0000000KiGMAU,01s3i000001AtoAAAS
a6GDo0000000L0cMAE,01s3i000001AtoAAAS
a6GDo0000000L8HMAU,01s3i000001AtoAAAS
a6GDo0000000KgOMAU,01s3i000001AtoAAAS
a6GDo0000000KxhMAE,01s3i000001AtoAAAS
a6GDo0000000KwsMAE,01s3i000001AtoAAAS
a6GDo0000000L8YMAU,01s3i000001AtoAAAS
a6GDo0000000LkaMAE,01s3i000001AtoAAAS
a6GDo0000000LmWMAU,01s3i000001AtoAAAS
a6GDo0000000KlxMAE,01s3i000001AtoAAAS
a6GDo0000000LfCMAU,01s3i000001AtoAAAS
a6GDo0000000KjFMAU,01s3i000001AtoAAAS
a6GDo0000000LmmMAE,01s3i000001AtoAAAS
a6GDo0000000Lo3MAE,01s3i000001AtoAAAS
a6GDo0000000L9LMAU,01s3i000001AtoAAAS
a6GDo0000000L7MMAU,01s3i000001AtoAAAS
a6GDo0000000Lo8MAE,01s3i000001AtoAAAS
a6GDo0000000LUZMA2,01s3i000001AtoAAAS
a6GDo0000000KlyMAE,01s3i000001AtoAAAS
a6GDo0000000LoDMAU,01s3i000001AtoAAAS
a6GDo0000000Ly0MAE,01s3i000001AtoAAAS
a6GDo0000000M6HMAU,01s3i000001AtoAAAS
a6GDo0000000MCtMAM,01s3i000001AtoAAAS
a6GDo0000000LPaMAM,01s3i000001AtoAAAS
a6GDo0000000MRfMAM,01s3i000001AtoAAAS
a6GDo0000000McNMAU,01s3i000001AtoAAAS
a6GDo0000000M7vMAE,01s3i000001AtoAAAS
a6GDo0000000MbpMAE,01s3i000001AtoAAAS
a6GDo0000000Me7MAE,01s3i000001AtoAAAS
a6GDo0000000McPMAU,01s3i000001AtoAAAS
a6GDo0000000MwSMAU,01s3i000001AtoAAAS
a6GDo0000000MxkMAE,01s3i000001AtoAAAS
a6GDo0000000MHiMAM,01s3i000001AtoAAAS
a6GDo0000000MnCMAU,01s3i000001AtoAAAS
a6GDo0000000N6mMAE,01s3i000001AtoAAAS
a6GDo0000000MXlMAM,01s3i000001AtoAAAS
a6GDo0000000N9HMAU,01s3i000001AtoAAAS
a6GDo0000000N8PMAU,01s3i000001AtoAAAS
a6GDo0000000LtpMAE,01s3i000001AtoAAAS
a6GDo0000000N8yMAE,01s3i000001AtoAAAS
a6GDo0000000MI5MAM,01s3i000001AtoAAAS
a6GDo0000000LwFMAU,01s3i000001AtoAAAS
a6GDo0000000N2SMAU,01s3i000001AtoAAAS
a6GDo0000000MH9MAM,01s3i000001AtoAAAS
a6GDo0000000N4XMAU,01s3i000001AtoAAAS
a6GDo0000000NaEMAU,01s3i000001AtoAAAS
a6GDo0000000N7sMAE,01s3i000001AtoAAAS
a6GDo0000000NUuMAM,01s3i000001AtoAAAS
a6GDo0000000O8fMAE,01s3i000001AtoAAAS
a6GDo0000000PTQMA2,01s3i000001AtoAAAS
a6GDo0000000RItMAM,01s3i000001AtoAAAS
a6GDo0000000RNmMAM,01s3i000001AtoAAAS
a6GDo0000000RQqMAM,01s3i000001AtoAAAS
a6GDo0000000RUnMAM,01s3i000001AtoAAAS
a6GDo0000000RonMAE,01s3i000001AtoAAAS
a6GDo0000000S2LMAU,01s3i000001AtoAAAS
a6GDo0000000SBmMAM,01s3i000001AtoAAAS
a6GDo0000000SCBMA2,01s3i000001AtoAAAS
a6GDo0000000SEbMAM,01s3i000001AtoAAAS
a6GDo0000000Su6MAE,01s3i000001AtoAAAS
a6GDo0000000SyrMAE,01s3i000001AtoAAAS
a6GDo0000000T3QMAU,01s3i000001AtoAAAS
a6GDo0000000TRyMAM,01s3i000001AtoAAAS
a6GDo0000000TT1MAM,01s3i000001AtoAAAS
a6GDo0000000TTGMA2,01s3i000001AtoAAAS
a6GDo0000000TZTMA2,01s3i000001AtoAAAS
a6GDo0000000TcmMAE,01s3i000001AtoAAAS
a6GDo0000000TrWMAU,01s3i000001AtoAAAS
a6GDo0000000U17MAE,01s3i000001AtoAAAS
a6GDo0000000U3NMAU,01s3i000001AtoAAAS
a6GDo0000000U8XMAU,01s3i000001AtoAAAS
a6GDo0000000UG7MAM,01s3i000001AtoAAAS
a6GDo0000000UOGMA2,01s3i000001AtoAAAS
a6GDo0000000UOLMA2,01s3i000001AtoAAAS
a6GDo0000000UOQMA2,01s3i000001AtoAAAS
a6GDo0000000UrrMAE,01s3i000001AtoAAAS
a6GDo0000000UrwMAE,01s3i000001AtoAAAS
a6GDo0000000V1cMAE,01s3i000001AtoAAAS
a6GDo0000000V7aMAE,01s3i000001AtoAAAS
a6GDo0000000VK5MAM,01s3i000001AtoAAAS
a6GDo0000000X9JMAU,01s3i000001AtoAAAS
a6GDo0000000XA2MAM,01s3i000001AtoAAAS
a6GDo0000000XLPMA2,01s3i000001AtoAAAS
a6GDo0000000XOEMA2,01s3i000001AtoAAAS
a6GDo0000000XOJMA2,01s3i000001AtoAAAS
a6GDo0000000XR8MAM,01s3i000001AtoAAAS
a6GDo0000000XSQMA2,01s3i000001AtoAAAS
a6GDo0000000XU7MAM,01s3i000001AtoAAAS
a6GDo0000000XVKMA2,01s3i000001AtoAAAS
a6GDo0000000XWNMA2,01s3i000001AtoAAAS
a6GDo0000000XWSMA2,01s3i000001AtoAAAS
a6GDo0000000XeMMAU,01s3i000001AtoAAAS
a6GDo0000000XeRMAU,01s3i000001AtoAAAS
a6GDo0000000XiEMAU,01s3i000001AtoAAAS
a6GDo0000000ZC6MAM,01s3i000001AtoAAAS
a6GDo0000000ZCLMA2,01s3i000001AtoAAAS
a6GDo0000000ZCMMA2,01s3i000001AtoAAAS
a6GDo0000000ZCpMAM,01s3i000001AtoAAAS
a6GDo0000000ZjUMAU,01s3i000001AtoAAAS
a6GDo0000000a4NMAQ,01s3i000001AtoAAAS
a6GDo0000000bKFMAY,01s3i000001AtoAAAS
a6GDo0000000cGfMAI,01s3i000001AtoAAAS
a6GDo0000000cGkMAI,01s3i000001AtoAAAS
a6GDo0000000cusMAA,01s3i000001AtoAAAS
a6GDo0000000cuxMAA,01s3i000001AtoAAAS
a6GDo0000000czFMAQ,01s3i000001AtoAAAS
a6GDo0000000czPMAQ,01s3i000001AtoAAAS
a6GDo0000000d8BMAQ,01s3i000001AtoAAAS
a6GDo0000000dH1MAI,01s3i000001AtoAAAS
a6GDo0000000dP6MAI,01s3i000001AtoAAAS
a6GDo0000000e5KMAQ,01s3i000001AtoAAAS
a6GDo0000000e7LMAQ,01s3i000001AtoAAAS
a6GDo0000000e7QMAQ,01s3i000001AtoAAAS
a6GDo0000000eAtMAI,01s3i000001AtoAAAS
a6GDo0000000evlMAA,01s3i000001AtoAAAS
a6GDo0000000fBVMAY,01s3i000001AtoAAAS
a6GDo0000000fCsMAI,01s3i000001AtoAAAS
a6GDo0000000fD7MAI,01s3i000001AtoAAAS
a6GDo0000000fDHMAY,01s3i000001AtoAAAS
a6GDo0000000fH9MAI,01s3i000001AtoAAAS
a6GDo0000000fKDMAY,01s3i000001AtoAAAS
a6GDo0000000fLzMAI,01s3i000001AtoAAAS
a6GDo0000000fM4MAI,01s3i000001AtoAAAS
a6GDo0000000fM9MAI,01s3i000001AtoAAAS
a6GDo0000000fMOMAY,01s3i000001AtoAAAS
a6GDo0000000fMTMAY,01s3i000001AtoAAAS
a6GDo0000000fMsMAI,01s3i000001AtoAAAS
a6GDo0000000fMnMAI,01s3i000001AtoAAAS
a6GDo0000000fMiMAI,01s3i000001AtoAAAS
a6GDo0000000fNMMAY,01s3i000001AtoAAAS
a6GDo0000000fNRMAY,01s3i000001AtoAAAS
a6GDo0000000fNgMAI,01s3i000001AtoAAAS
a6GDo0000000fNlMAI,01s3i000001AtoAAAS
a6GDo0000000fNvMAI,01s3i000001AtoAAAS
a6GDo0000000fOKMAY,01s3i000001AtoAAAS
a6GDo0000000fLRMAY,01s3i000001AtoAAAS
a6GDo0000000fOeMAI,01s3i000001AtoAAAS
a6GDo0000000fOoMAI,01s3i000001AtoAAAS
a6GDo0000000fQaMAI,01s3i000001AtoAAAS
a6GDo0000000fREMAY,01s3i000001AtoAAAS
a6GDo0000000fRxMAI,01s3i000001AtoAAAS
a6GDo0000000fSHMAY,01s3i000001AtoAAAS
a6GDo0000000fSWMAY,01s3i000001AtoAAAS
a6GDo0000000fSqMAI,01s3i000001AtoAAAS
a6GDo0000000fSlMAI,01s3i000001AtoAAAS
a6GDo0000000fOuMAI,01s3i000001AtoAAAS
a6GDo0000000fSvMAI,01s3i000001AtoAAAS
a6GDo0000000fOrMAI,01s3i000001AtoAAAS
a6GDo0000000fT5MAI,01s3i000001AtoAAAS
a6GDo0000000fTKMAY,01s3i000001AtoAAAS
a6GDo0000000fTFMAY,01s3i000001AtoAAAS
a6GDo0000000fTPMAY,01s3i000001AtoAAAS
a6GDo0000000fTZMAY,01s3i000001AtoAAAS
a6GDo0000000fTtMAI,01s3i000001AtoAAAS
a6GDo0000000fTjMAI,01s3i000001AtoAAAS
a6GDo0000000fUIMAY,01s3i000001AtoAAAS
a6GDo0000000fUSMAY,01s3i000001AtoAAAS
a6GDo0000000fT1MAI,01s3i000001AtoAAAS
a6GDo0000000fUhMAI,01s3i000001AtoAAAS
a6GDo0000000fUwMAI,01s3i000001AtoAAAS
a6GDo0000000fVBMAY,01s3i000001AtoAAAS
a6GDo0000000fVGMAY,01s3i000001AtoAAAS
a6GDo0000000fT6MAI,01s3i000001AtoAAAS
a6GDo0000000fVLMAY,01s3i000001AtoAAAS
a6GDo0000000fVQMAY,01s3i000001AtoAAAS
a6GDo0000000fVVMAY,01s3i000001AtoAAAS
a6GDo0000000fVpMAI,01s3i000001AtoAAAS
a6GDo0000000fVkMAI,01s3i000001AtoAAAS
a6GDo0000000fWEMAY,01s3i000001AtoAAAS
a6GDo0000000fWJMAY,01s3i000001AtoAAAS
a6GDo0000000fWTMAY,01s3i000001AtoAAAS
a6GDo0000000fX2MAI,01s3i000001AtoAAAS
a6GDo0000000fWxMAI,01s3i000001AtoAAAS
a6GDo0000000fXCMAY,01s3i000001AtoAAAS
a6GDo0000000fWAMAY,01s3i000001AtoAAAS
a6GDo0000000fXWMAY,01s3i000001AtoAAAS
a6GDo0000000fXbMAI,01s3i000001AtoAAAS
a6GDo0000000fWBMAY,01s3i000001AtoAAAS
a6GDo0000000fWoMAI,01s3i000001AtoAAAS
a6GDo0000000fYAMAY,01s3i000001AtoAAAS
a6GDo0000000fYKMAY,01s3i000001AtoAAAS
a6GDo0000000fYZMAY,01s3i000001AtoAAAS
a6GDo0000000fYjMAI,01s3i000001AtoAAAS
a6GDo0000000fZ8MAI,01s3i000001AtoAAAS
a6GDo0000000fZDMAY,01s3i000001AtoAAAS
a6GDo0000000fZIMAY,01s3i000001AtoAAAS
a6GDo0000000fZhMAI,01s3i000001AtoAAAS
a6GDo0000000fZrMAI,01s3i000001AtoAAAS
a6GDo0000000fa1MAA,01s3i000001AtoAAAS
a6GDo0000000faBMAQ,01s3i000001AtoAAAS
a6GDo0000000fa6MAA,01s3i000001AtoAAAS
a6GDo0000000faQMAQ,01s3i000001AtoAAAS
a6GDo0000000fakMAA,01s3i000001AtoAAAS
a6GDo0000000fapMAA,01s3i000001AtoAAAS
a6GDo0000000fazMAA,01s3i000001AtoAAAS
a6GDo0000000fb4MAA,01s3i000001AtoAAAS
a6GDo0000000fbOMAQ,01s3i000001AtoAAAS
a6GDo0000000fbTMAQ,01s3i000001AtoAAAS
a6GDo0000000fbYMAQ,01s3i000001AtoAAAS
a6GDo0000000fbJMAQ,01s3i000001AtoAAAS
a6GDo0000000fbiMAA,01s3i000001AtoAAAS
a6GDo0000000fVWMAY,01s3i000001AtoAAAS
a6GDo0000000fQlMAI,01s3i000001AtoAAAS
a6GDo0000000fbnMAA,01s3i000001AtoAAAS
a6GDo0000000faWMAQ,01s3i000001AtoAAAS
a6GDo0000000fbsMAA,01s3i000001AtoAAAS
a6GDo0000000fc2MAA,01s3i000001AtoAAAS
a6GDo0000000fc7MAA,01s3i000001AtoAAAS
a6GDo0000000fWKMAY,01s3i000001AtoAAAS
a6GDo0000000fcCMAQ,01s3i000001AtoAAAS
a6GDo0000000fcMMAQ,01s3i000001AtoAAAS
a6GDo0000000fcWMAQ,01s3i000001AtoAAAS
a6GDo0000000fZdMAI,01s3i000001AtoAAAS
a6GDo0000000fYkMAI,01s3i000001AtoAAAS
a6GDo0000000fd0MAA,01s3i000001AtoAAAS
a6GDo0000000fd5MAA,01s3i000001AtoAAAS
a6GDo0000000fdAMAQ,01s3i000001AtoAAAS
a6GDo0000000fdFMAQ,01s3i000001AtoAAAS
a6GDo0000000fdPMAQ,01s3i000001AtoAAAS
a6GDo0000000fSsMAI,01s3i000001AtoAAAS
a6GDo0000000fdeMAA,01s3i000001AtoAAAS
a6GDo0000000fdoMAA,01s3i000001AtoAAAS
a6GDo0000000fdtMAA,01s3i000001AtoAAAS
a6GDo0000000fdyMAA,01s3i000001AtoAAAS
a6GDo0000000fe3MAA,01s3i000001AtoAAAS
a6GDo0000000feDMAQ,01s3i000001AtoAAAS
a6GDo0000000fWaMAI,01s3i000001AtoAAAS
a6GDo0000000fecMAA,01s3i000001AtoAAAS
a6GDo0000000feSMAQ,01s3i000001AtoAAAS
a6GDo0000000fehMAA,01s3i000001AtoAAAS
a6GDo0000000femMAA,01s3i000001AtoAAAS
a6GDo0000000ferMAA,01s3i000001AtoAAAS
a6GDo0000000ff6MAA,01s3i000001AtoAAAS
a6GDo0000000ff7MAA,01s3i000001AtoAAAS
a6GDo0000000fYlMAI,01s3i000001AtoAAAS
a6GDo0000000ffQMAQ,01s3i000001AtoAAAS
a6GDo0000000ffaMAA,01s3i000001AtoAAAS
a6GDo0000000ffHMAQ,01s3i000001AtoAAAS
a6GDo0000000ffpMAA,01s3i000001AtoAAAS
a6GDo0000000ffuMAA,01s3i000001AtoAAAS
a6GDo0000000ffzMAA,01s3i000001AtoAAAS
a6GDo0000000fVRMAY,01s3i000001AtoAAAS
a6GDo0000000fg9MAA,01s3i000001AtoAAAS
a6GDo0000000fgEMAQ,01s3i000001AtoAAAS
a6GDo0000000fedMAA,01s3i000001AtoAAAS
a6GDo0000000fgJMAQ,01s3i000001AtoAAAS
a6GDo0000000fgTMAQ,01s3i000001AtoAAAS
a6GDo0000000fN3MAI,01s3i000001AtoAAAS
a6GDo0000000fgiMAA,01s3i000001AtoAAAS
a6GDo0000000fgdMAA,01s3i000001AtoAAAS
a6GDo0000000fgnMAA,01s3i000001AtoAAAS
a6GDo0000000fgsMAA,01s3i000001AtoAAAS
a6GDo0000000fh2MAA,01s3i000001AtoAAAS
a6GDo0000000fh7MAA,01s3i000001AtoAAAS
a6GDo0000000fhCMAQ,01s3i000001AtoAAAS
a6GDo0000000fhHMAQ,01s3i000001AtoAAAS
a6GDo0000000fhbMAA,01s3i000001AtoAAAS
a6GDo0000000fhgMAA,01s3i000001AtoAAAS
a6GDo0000000fTQMAY,01s3i000001AtoAAAS
a6GDo0000000fhlMAA,01s3i000001AtoAAAS
a6GDo0000000fi0MAA,01s3i000001AtoAAAS
a6GDo0000000fiAMAQ,01s3i000001AtoAAAS
a6GDo0000000fi5MAA,01s3i000001AtoAAAS
a6GDo0000000fdGMAQ,01s3i000001AtoAAAS
a6GDo0000000fiFMAQ,01s3i000001AtoAAAS
a6GDo0000000fhXMAQ,01s3i000001AtoAAAS
a6GDo0000000fiKMAQ,01s3i000001AtoAAAS
a6GDo0000000fiUMAQ,01s3i000001AtoAAAS
a6GDo0000000fiZMAQ,01s3i000001AtoAAAS
a6GDo0000000fdpMAA,01s3i000001AtoAAAS
a6GDo0000000fijMAA,01s3i000001AtoAAAS
a6GDo0000000fieMAA,01s3i000001AtoAAAS
a6GDo0000000fUsMAI,01s3i000001AtoAAAS
a6GDo0000000fUJMAY,01s3i000001AtoAAAS
a6GDo0000000fioMAA,01s3i000001AtoAAAS
a6GDo0000000fdqMAA,01s3i000001AtoAAAS
a6GDo0000000fj3MAA,01s3i000001AtoAAAS
a6GDo0000000fWtMAI,01s3i000001AtoAAAS
a6GDo0000000fiyMAA,01s3i000001AtoAAAS
a6GDo0000000fj8MAA,01s3i000001AtoAAAS
a6GDo0000000fhYMAQ,01s3i000001AtoAAAS
a6GDo0000000fi6MAA,01s3i000001AtoAAAS
a6GDo0000000fjSMAQ,01s3i000001AtoAAAS
a6GDo0000000fcIMAQ,01s3i000001AtoAAAS
a6GDo0000000fjIMAQ,01s3i000001AtoAAAS
a6GDo0000000fgAMAQ,01s3i000001AtoAAAS
a6GDo0000000feJMAQ,01s3i000001AtoAAAS
a6GDo0000000fjcMAA,01s3i000001AtoAAAS
a6GDo0000000fjhMAA,01s3i000001AtoAAAS
a6GDo0000000faMMAQ,01s3i000001AtoAAAS
a6GDo0000000fjmMAA,01s3i000001AtoAAAS
a6GDo0000000fjwMAA,01s3i000001AtoAAAS
a6GDo0000000fk1MAA,01s3i000001AtoAAAS
a6GDo0000000fikMAA,01s3i000001AtoAAAS
a6GDo0000000fUEMAY,01s3i000001AtoAAAS
a6GDo0000000fkGMAQ,01s3i000001AtoAAAS
a6GDo0000000fkaMAA,01s3i000001AtoAAAS
a6GDo0000000fkkMAA,01s3i000001AtoAAAS
a6GDo0000000fkfMAA,01s3i000001AtoAAAS
a6GDo0000000fkuMAA,01s3i000001AtoAAAS
a6GDo0000000fl4MAA,01s3i000001AtoAAAS
a6GDo0000000fTRMAY,01s3i000001AtoAAAS
a6GDo0000000fkzMAA,01s3i000001AtoAAAS
a6GDo0000000fTSMAY,01s3i000001AtoAAAS
a6GDo0000000fcJMAQ,01s3i000001AtoAAAS
a6GDo0000000fl9MAA,01s3i000001AtoAAAS
a6GDo0000000flJMAQ,01s3i000001AtoAAAS
a6GDo0000000flEMAQ,01s3i000001AtoAAAS
a6GDo0000000flOMAQ,01s3i000001AtoAAAS
a6GDo0000000flYMAQ,01s3i000001AtoAAAS
a6GDo0000000fldMAA,01s3i000001AtoAAAS
a6GDo0000000fYLMAY,01s3i000001AtoAAAS
a6GDo0000000fkqMAA,01s3i000001AtoAAAS
a6GDo0000000fWLMAY,01s3i000001AtoAAAS
a6GDo0000000flsMAA,01s3i000001AtoAAAS
a6GDo0000000flZMAQ,01s3i000001AtoAAAS
a6GDo0000000flxMAA,01s3i000001AtoAAAS
a6GDo0000000fm2MAA,01s3i000001AtoAAAS
a6GDo0000000fm7MAA,01s3i000001AtoAAAS
a6GDo0000000fmCMAQ,01s3i000001AtoAAAS
a6GDo0000000fmHMAQ,01s3i000001AtoAAAS
a6GDo0000000fmMMAQ,01s3i000001AtoAAAS
a6GDo0000000fmbMAA,01s3i000001AtoAAAS
a6GDo0000000fUOMAY,01s3i000001AtoAAAS
a6GDo0000000fkCMAQ,01s3i000001AtoAAAS
a6GDo0000000fmlMAA,01s3i000001AtoAAAS
a6GDo0000000fmgMAA,01s3i000001AtoAAAS
a6GDo0000000fmqMAA,01s3i000001AtoAAAS
a6GDo0000000fmvMAA,01s3i000001AtoAAAS
a6GDo0000000fn0MAA,01s3i000001AtoAAAS
a6GDo0000000fQ2MAI,01s3i000001AtoAAAS
a6GDo0000000fn5MAA,01s3i000001AtoAAAS
a6GDo0000000fnAMAQ,01s3i000001AtoAAAS
a6GDo0000000fnPMAQ,01s3i000001AtoAAAS
a6GDo0000000ffqMAA,01s3i000001AtoAAAS
a6GDo0000000fnZMAQ,01s3i000001AtoAAAS
a6GDo0000000fYBMAY,01s3i000001AtoAAAS
a6GDo0000000fnoMAA,01s3i000001AtoAAAS
a6GDo0000000fntMAA,01s3i000001AtoAAAS
a6GDo0000000faXMAQ,01s3i000001AtoAAAS
a6GDo0000000fljMAA,01s3i000001AtoAAAS
a6GDo0000000fnLMAQ,01s3i000001AtoAAAS
a6GDo0000000fleMAA,01s3i000001AtoAAAS
a6GDo0000000ffRMAQ,01s3i000001AtoAAAS
a6GDo0000000fYQMAY,01s3i000001AtoAAAS
a6GDo0000000ffwMAA,01s3i000001AtoAAAS
a6GDo0000000fdaMAA,01s3i000001AtoAAAS
a6GDo0000000fUFMAY,01s3i000001AtoAAAS
a6GDo0000000fdLMAQ,01s3i000001AtoAAAS
a6GDo0000000fo3MAA,01s3i000001AtoAAAS
a6GDo0000000fo8MAA,01s3i000001AtoAAAS
a6GDo0000000fpuMAA,01s3i000001AtoAAAS
a6GDo0000000fqTMAQ,01s3i000001AtoAAAS
a6GDo0000000fqYMAQ,01s3i000001AtoAAAS
a6GDo0000000fnzMAA,01s3i000001AtoAAAS
a6GDo0000000g0MMAQ,01s3i000001AtoAAAS
a6GDo0000000g6QMAQ,01s3i000001AtoAAAS
a6GDo0000000gDbMAI,01s3i000001AtoAAAS
a6GDo0000000gGaMAI,01s3i000001AtoAAAS
a6GDo0000000gmqMAA,01s3i000001AtoAAAS
a6GDo0000000gycMAA,01s3i000001AtoAAAS
a6GDo0000000gz6MAA,01s3i000001AtoAAAS
a6GDo0000000gzGMAQ,01s3i000001AtoAAAS
a6GDo0000000gzQMAQ,01s3i000001AtoAAAS
a6GDo0000000h46MAA,01s3i000001AtoAAAS
a6GDo0000000hdsMAA,01s3i000001AtoAAAS
a6GDo0000000hdtMAA,01s3i000001AtoAAAS
a6GDo0000000heWMAQ,01s3i000001AtoAAAS
a6GDo0000000iZ9MAI,01s3i000001AtoAAAS
a6GDo0000000iiaMAA,01s3i000001AtoAAAS
a6GDo0000000ilUMAQ,01s3i000001AtoAAAS
a6GDo0000000ipWMAQ,01s3i000001AtoAAAS
a6GDo0000000irSMAQ,01s3i000001AtoAAAS
a6GDo0000000irTMAQ,01s3i000001AtoAAAS
a6GDo0000000jPsMAI,01s3i000001AtoAAAS
a6GDo0000000ja6MAA,01s3i000001AtoAAAS
a6GDo0000000jewMAA,01s3i000001AtoAAAS
a6GDo0000000jexMAA,01s3i000001AtoAAAS
a6GDo0000000jkBMAQ,01s3i000001AtoAAAS
a6GDo0000000jnAMAQ,01s3i000001AtoAAAS
a6GDo0000000jrmMAA,01s3i000001AtoAAAS
a6GDo0000000jrrMAA,01s3i000001AtoAAAS
a6GDo0000000jrwMAA,01s3i000001AtoAAAS
a6GDo0000000js1MAA,01s3i000001AtoAAAS
a6GDo0000000jsGMAQ,01s3i000001AtoAAAS
a6GDo0000000jt4MAA,01s3i000001AtoAAAS
a6GDo0000000jt5MAA,01s3i000001AtoAAAS
a6GDo0000000jvAMAQ,01s3i000001AtoAAAS
a6GDo0000000jzgMAA,01s3i000001AtoAAAS
a6GDo0000000k00MAA,01s3i000001AtoAAAS
a6GDo0000000k1XMAQ,01s3i000001AtoAAAS
a6GDo0000000kLPMAY,01s3i000001AtoAAAS
a6GDo0000000kMDMAY,01s3i000001AtoAAAS
a6GDo0000000kMIMAY,01s3i000001AtoAAAS
a6GDo0000000l0DMAQ,01s3i000001AtoAAAS
a6GDo0000000lMYMAY,01s3i000001AtoAAAS
a6GDo0000000lNWMAY,01s3i000001AtoAAAS
a6GDo0000000lNvMAI,01s3i000001AtoAAAS
a6GDo0000000lffMAA,01s3i000001AtoAAAS
a6GDo0000000m2KMAQ,01s3i000001AtoAAAS
a6GDo0000000m2PMAQ,01s3i000001AtoAAAS
a6GDo0000000m2jMAA,01s3i000001AtoAAAS
a6GDo0000000mHKMAY,01s3i000001AtoAAAS
a6GDo0000000nO2MAI,01s3i000001AtoAAAS
a6GDo0000000oKBMAY,01s3i000001AtoAAAS
a6GDo0000000oNjMAI,01s3i000001AtoAAAS
a6GDo0000000oNoMAI,01s3i000001AtoAAAS
a6GDo0000000ocUMAQ,01s3i000001AtoAAAS
a6GDo0000000otzMAA,01s3i000001AtoAAAS
a6GDo0000000p2NMAQ,01s3i000001AtoAAAS
a6GDo0000000puZMAQ,01s3i000001AtoAAAS
a6GDo0000000qVTMAY,01s3i000001AtoAAAS
a6GDo0000000qkYMAQ,01s3i000001AtoAAAS
a6GDo0000000qr0MAA,01s3i000001AtoAAAS
a6GDo0000000rQKMAY,01s3i000001AtoAAAS
a6GDo0000000rlNMAQ,01s3i000001AtoAAAS
a6GDo0000000sUSMAY,01s3i000001AtoAAAS
a6GDo0000000si5MAA,01s3i000001AtoAAAS
a6GDo0000000smCMAQ,01s3i000001AtoAAAS
a6GDo0000000shIMAQ,01s3i000001AtoAAAS
a6GDo0000000tCKMAY,01s3i000001AtoAAAS
a6GDo0000000tDIMAY,01s3i000001AtoAAAS
a6GDo0000000tDJMAY,01s3i000001AtoAAAS
a6GDo0000000tEuMAI,01s3i000001AtoAAAS
a6GDo000000GpdhMAC,01s3i000001AtoAAAS
a6GDo000000Gpe1MAC,01s3i000001AtoAAAS
a6GDo000000GplRMAS,01s3i000001AtoAAAS
a6GDo000000GplWMAS,01s3i000001AtoAAAS